== suite tests/terminal start 2026-10-09T02:40:28+09:00
[live_harness] OMP version recorded (not pinned, C-D72 (2)): {"omp": "/home/dwchoo/.local/bin/omp", "version": "omp/18.8.0", "historical": "omp/18.2.10", "pinned": false, "at": "2026-10-09T02:40:28+0900"}
test_a_held_experiment_starts_once_the_job_ended_without_using_a_retry (test_cw18_host_shell_fixes.JobDetectionTests.test_a_held_experiment_starts_once_the_job_ended_without_using_a_retry) ... ok
test_busy_ends_with_the_job_without_a_latch (test_cw18_host_shell_fixes.JobDetectionTests.test_busy_ends_with_the_job_without_a_latch) ... ok
test_disowned_job_still_in_the_session_keeps_the_shell_busy (test_cw18_host_shell_fixes.JobDetectionTests.test_disowned_job_still_in_the_session_keeps_the_shell_busy) ... ok
test_nothing_is_typed_to_find_jobs (test_cw18_host_shell_fixes.JobDetectionTests.test_nothing_is_typed_to_find_jobs) ... ok
test_a_busy_give_back_is_retried_by_the_flow (test_cw18_host_shell_fixes.WorkingDirectoryTests.test_a_busy_give_back_is_retried_by_the_flow) ... ok
test_a_user_who_left_the_worktree_is_not_moved (test_cw18_host_shell_fixes.WorkingDirectoryTests.test_a_user_who_left_the_worktree_is_not_moved) ... ok
test_busy_shell_gets_the_cd_later_never_mixed_with_typing (test_cw18_host_shell_fixes.WorkingDirectoryTests.test_busy_shell_gets_the_cd_later_never_mixed_with_typing) ... ok
test_directory_with_spaces_and_quotes_is_restored_after_a_run (test_cw18_host_shell_fixes.WorkingDirectoryTests.test_directory_with_spaces_and_quotes_is_restored_after_a_run) ... ok
test_cancel_during_the_host_command_never_kills_it (test_cw18_host_shell_independent_p27w.ConsecutiveRunsTests.test_cancel_during_the_host_command_never_kills_it) ... ok
test_the_users_working_directory_is_unchanged_after_a_run (test_cw18_host_shell_independent_p27w.ConsecutiveRunsTests.test_the_users_working_directory_is_unchanged_after_a_run) ... ok
test_two_runs_on_the_same_shell_with_user_activity_between (test_cw18_host_shell_independent_p27w.ConsecutiveRunsTests.test_two_runs_on_the_same_shell_with_user_activity_between) ... ok
test_held_handoff_user_recovers_and_the_next_run_can_start (test_cw18_host_shell_independent_p27w.HeldHandoffTests.test_held_handoff_user_recovers_and_the_next_run_can_start)
C-D58 + root-adjudication-p27-cw18-needs-review, at the product pane. ... ok
test_unknown_residue_latch_is_not_cleared_by_cleanup (test_cw18_host_shell_independent_p27w.HeldHandoffTests.test_unknown_residue_latch_is_not_cleared_by_cleanup) ... ok
test_background_job_at_a_plain_prompt_keeps_the_shell_busy (test_cw18_host_shell_independent_p27w.IdleOnlyTests.test_background_job_at_a_plain_prompt_keeps_the_shell_busy) ... ok
test_experiment_never_starts_while_a_user_background_job_runs (test_cw18_host_shell_independent_p27w.IdleOnlyTests.test_experiment_never_starts_while_a_user_background_job_runs) ... ok
test_foreground_program_keeps_the_shell_busy_and_idle_after (test_cw18_host_shell_independent_p27w.IdleOnlyTests.test_foreground_program_keeps_the_shell_busy_and_idle_after) ... ok
test_manager_owned_shell_and_held_handoff_keep_it_busy (test_cw18_host_shell_independent_p27w.IdleOnlyTests.test_manager_owned_shell_and_held_handoff_keep_it_busy) ... ok
test_partial_line_keeps_the_shell_busy_and_is_never_overwritten (test_cw18_host_shell_independent_p27w.IdleOnlyTests.test_partial_line_keeps_the_shell_busy_and_is_never_overwritten) ... ok
test_suspended_job_keeps_the_shell_busy (test_cw18_host_shell_independent_p27w.IdleOnlyTests.test_suspended_job_keeps_the_shell_busy) ... ok
test_user_input_refused_while_held_and_accepted_after (test_cw18_host_shell_independent_p27w.IdleOnlyTests.test_user_input_refused_while_held_and_accepted_after) ... ok
test_main_return_with_one_live_managed_descendant_is_not_complete_until_it_exits (test_experiment_lifetime_independent_p27b.DescendantLifetimeTests.test_main_return_with_one_live_managed_descendant_is_not_complete_until_it_exits) ... ok
test_supervisor_loss_is_unknown_and_never_completion (test_experiment_lifetime_independent_p27b.DescendantLifetimeTests.test_supervisor_loss_is_unknown_and_never_completion)
Real observation loss (exact-identity SIGKILL of the supervisor). ... ok
test_close_ends_descendant_phase_after_main_return (test_experiment_lifetime_independent_p27b.ExplicitStopTests.test_close_ends_descendant_phase_after_main_return) ... ok
test_close_ends_running_unbounded_run_and_all_descendants (test_experiment_lifetime_independent_p27b.ExplicitStopTests.test_close_ends_running_unbounded_run_and_all_descendants) ... ok
test_barrier_reached_between_cycles_then_close (test_experiment_lifetime_independent_p27b.InputBarrierTests.test_barrier_reached_between_cycles_then_close) ... ok
test_barrier_reached_between_cycles_then_release (test_experiment_lifetime_independent_p27b.InputBarrierTests.test_barrier_reached_between_cycles_then_release) ... ok
test_dash_and_bash_user_and_experiment_env (test_experiment_lifetime_independent_p27b.ShellInitEnvironmentTests.test_dash_and_bash_user_and_experiment_env) ... ok
test_post_exec_identity_hold_fails_bounded_without_residue (test_experiment_lifetime_independent_p27b.StartHandshakeTests.test_post_exec_identity_hold_fails_bounded_without_residue) ... ok
test_pre_fork_launch_hold_fails_bounded_without_residue (test_experiment_lifetime_independent_p27b.StartHandshakeTests.test_pre_fork_launch_hold_fails_bounded_without_residue) ... ok
test_short_start_timeout_never_bounds_the_run (test_experiment_lifetime_independent_p27b.StartHandshakeTests.test_short_start_timeout_never_bounds_the_run) ... ok
test_default_submit_runs_past_90s_with_real_status_and_long_descendant (test_experiment_lifetime_independent_p27b.UnboundedRuntimeTests.test_default_submit_runs_past_90s_with_real_status_and_long_descendant)
bash and dash, exit 0 / exit 7 / main returns 4 with a 93 s descendant. ... ok
test_env_is_restored_after_dash_init (test_experiment_runtime_unbounded.DashInitEnvironmentTests.test_env_is_restored_after_dash_init) ... ok
test_only_the_startup_handshake_is_bounded (test_experiment_runtime_unbounded.RunWireTests.test_only_the_startup_handshake_is_bounded) ... ok
test_default_submit_runs_past_60s_and_completes_normally (test_experiment_runtime_unbounded.UnboundedExperimentRuntimeTests.test_default_submit_runs_past_60s_and_completes_normally) ... ok
test_live_descendant_after_main_return_keeps_run_incomplete_until_it_exits (test_experiment_runtime_unbounded.UnboundedExperimentRuntimeTests.test_live_descendant_after_main_return_keeps_run_incomplete_until_it_exits) ... ok
test_handoff_with_job_left_running_stays_held (test_held_handoff_control.HeldHandoffUserControlTests.test_handoff_with_job_left_running_stays_held) ... ok
test_held_handoff_after_a_returned_run_and_give_back (test_held_handoff_control.HeldHandoffUserControlTests.test_held_handoff_after_a_returned_run_and_give_back) ... ok
test_job_clean_retry_cycles_run_automation_each_time (test_held_handoff_control.HeldHandoffUserControlTests.test_job_clean_retry_cycles_run_automation_each_time) ... ok
test_one_takeover_per_held_episode (test_held_handoff_control.HeldHandoffUserControlTests.test_one_takeover_per_held_episode) ... ok
test_repeated_held_handoff_returns_the_prompt_each_time (test_held_handoff_control.HeldHandoffUserControlTests.test_repeated_held_handoff_returns_the_prompt_each_time) ... ok
test_repeated_residue_hold_then_clean_handoff (test_held_handoff_control.HeldHandoffUserControlTests.test_repeated_residue_hold_then_clean_handoff) ... ok
test_unknown_residue_latch_stays_after_clean_handoff (test_held_handoff_control.HeldHandoffUserControlTests.test_unknown_residue_latch_stays_after_clean_handoff) ... ok
test_handoff_still_seeing_jobs_stays_held (test_job_review_latch.JobLatchClearedByFreshCleanHandoff.test_handoff_still_seeing_jobs_stays_held) ... ok
test_job_held_then_clean_handoff_is_accepted (test_job_review_latch.JobLatchClearedByFreshCleanHandoff.test_job_held_then_clean_handoff_is_accepted) ... ok
test_prompt_probe_job_latch_clears_on_prototype_handoff_path (test_job_review_latch.JobLatchClearedByFreshCleanHandoff.test_prompt_probe_job_latch_clears_on_prototype_handoff_path) ... ok
test_prototype_handoff_with_job_back_at_the_prompt_stays_held (test_job_review_latch.JobLatchClearedByFreshCleanHandoff.test_prototype_handoff_with_job_back_at_the_prompt_stays_held) ... ok
test_repeated_job_cycles_each_recover (test_job_review_latch.JobLatchClearedByFreshCleanHandoff.test_repeated_job_cycles_each_recover) ... ok
test_unaccepted_handoff_does_not_clear_the_job_latch (test_job_review_latch.JobLatchClearedByFreshCleanHandoff.test_unaccepted_handoff_does_not_clear_the_job_latch) ... ok
test_automation_job_probe_is_not_user_job_latch (test_job_review_latch.OtherLatchesStay.test_automation_job_probe_is_not_user_job_latch) ... ok
test_other_latch_alone_never_clears_on_clean_handoff (test_job_review_latch.OtherLatchesStay.test_other_latch_alone_never_clears_on_clean_handoff) ... ok
test_setting_false_resets_both_sources (test_job_review_latch.OtherLatchesStay.test_setting_false_resets_both_sources) ... ok
test_sticky_target_unknown_residue_stays (test_job_review_latch.OtherLatchesStay.test_sticky_target_unknown_residue_stays) ... ok
test_unknown_residue_with_jobs_still_held_after_clean_handoff (test_job_review_latch.OtherLatchesStay.test_unknown_residue_with_jobs_still_held_after_clean_handoff) ... ok
test_bash_manual_input_via_ui_v1 (test_manual_input_backend_independent.BackendManualInputTests.test_bash_manual_input_via_ui_v1) ... ok
test_dash_manual_input_via_ui_v1 (test_manual_input_backend_independent.BackendManualInputTests.test_dash_manual_input_via_ui_v1) ... ok
test_editing_and_control_bytes_are_experiment_input (test_manual_input_boundary_independent.ConfirmedRunTakeoverTests.test_editing_and_control_bytes_are_experiment_input) ... ok
test_long_running_experiment_keeps_running_under_takeover_then_ctrl_c (test_manual_input_boundary_independent.ConfirmedRunTakeoverTests.test_long_running_experiment_keeps_running_under_takeover_then_ctrl_c) ... ok
test_production_default_submit_keeps_taken_over_experiment_running_past_5s (test_manual_input_boundary_independent.ConfirmedRunTakeoverTests.test_production_default_submit_keeps_taken_over_experiment_running_past_5s)
BRIEF "실험 실행 시간 상한 없음"; OPERATING-CONTRACT §3 "이 대기 간격은 실험 실행 ... ok
test_editing_and_control_keys_reach_the_prompt_and_hold_automation (test_manual_input_boundary_independent.ManualInputAtPromptTests.test_editing_and_control_keys_reach_the_prompt_and_hold_automation) ... ok
test_output_that_looks_like_ready_or_prompt_never_clears_the_hold (test_manual_input_boundary_independent.ManualInputAtPromptTests.test_output_that_looks_like_ready_or_prompt_never_clears_the_hold) ... ok
test_wb_handoff_typed_with_editing_keys_is_not_a_clean_handoff (test_manual_input_boundary_independent.ManualInputAtPromptTests.test_wb_handoff_typed_with_editing_keys_is_not_a_clean_handoff) ... ok
test_cat_receives_edited_data_and_eof (test_manual_input_boundary_independent.ManualInputToForegroundProgramTests.test_cat_receives_edited_data_and_eof) ... ok
test_ctrl_c_and_ctrl_z_reach_sleep_and_nested_sh (test_manual_input_boundary_independent.ManualInputToForegroundProgramTests.test_ctrl_c_and_ctrl_z_reach_sleep_and_nested_sh) ... ok
test_program_with_its_own_foreground_group_receives_ctrl_c (test_manual_input_boundary_independent.ManualInputToForegroundProgramTests.test_program_with_its_own_foreground_group_receives_ctrl_c) ... ok
test_python_repl_editing_ctrl_c_ctrl_z_fg_and_ctrl_d (test_manual_input_boundary_independent.ManualInputToForegroundProgramTests.test_python_repl_editing_ctrl_c_ctrl_z_fg_and_ctrl_d) ... ok
test_rejected_handoff_outside_control_loop_without_ready_delivers_manual_input_holds_automation (test_manual_input_boundary_independent.RejectedHandoffTests.test_rejected_handoff_outside_control_loop_without_ready_delivers_manual_input_holds_automation) ... ok
test_rejected_handoff_then_ready_returns_manual_input_and_keeps_automation_held (test_manual_input_boundary_independent.RejectedHandoffTests.test_rejected_handoff_then_ready_returns_manual_input_and_keeps_automation_held) ... ok
test_normal_close_removes_init_dir (test_manual_input_boundary_independent.ShellInitTempDirTests.test_normal_close_removes_init_dir) ... ok
test_sigkilled_owner_leaves_init_dir_behind (test_manual_input_boundary_independent.ShellInitTempDirTests.test_sigkilled_owner_leaves_init_dir_behind)
Attribution: only an owner that never runs close() leaves the directory. ... ok
test_control_channel_loss_holds_manual_and_automatic_input (test_manual_input_boundary_independent.UnobservableTargetTests.test_control_channel_loss_holds_manual_and_automatic_input) ... ok
test_foreground_group_outside_the_session_is_held (test_manual_input_boundary_independent.UnobservableTargetTests.test_foreground_group_outside_the_session_is_held) ... ok
test_parent_identity_drift_holds_manual_input (test_manual_input_boundary_independent.UnobservableTargetTests.test_parent_identity_drift_holds_manual_input) ... ok
test_stopped_foreground_group_is_unobservable_and_held (test_manual_input_boundary_independent.UnobservableTargetTests.test_stopped_foreground_group_is_unobservable_and_held) ... ok
test_confirmed_run_takeover_input_is_experiment_input_not_line_editing (test_manual_input_target.LiveManualInputTests.test_confirmed_run_takeover_input_is_experiment_input_not_line_editing) ... ok
test_earlier_review_latch_holds_automation_but_not_manual_repair (test_manual_input_target.LiveManualInputTests.test_earlier_review_latch_holds_automation_but_not_manual_repair) ... ok
test_editing_after_completed_request_keeps_lifecycle_and_fresh_handoff (test_manual_input_target.LiveManualInputTests.test_editing_after_completed_request_keeps_lifecycle_and_fresh_handoff) ... ok
test_editing_keys_and_ctrl_c_keep_input_live_and_handoff_recoverable (test_manual_input_target.LiveManualInputTests.test_editing_keys_and_ctrl_c_keep_input_live_and_handoff_recoverable) ... ok
test_rejected_handoff_returns_input_to_the_reported_prompt (test_manual_input_target.LiveManualInputTests.test_rejected_handoff_returns_input_to_the_reported_prompt) ... ok
test_rejection_outside_control_loop_itself_returns_input_without_ready (test_manual_input_target.LiveManualInputTests.test_rejection_outside_control_loop_itself_returns_input_without_ready) ... ok
test_user_started_foreground_programs_receive_data_and_control_keys (test_manual_input_target.LiveManualInputTests.test_user_started_foreground_programs_receive_data_and_control_keys) ... ok
test_an_edited_handoff_line_is_never_trusted (test_manual_input_target.ManualLineUncertaintyTests.test_an_edited_handoff_line_is_never_trusted) ... ok
test_ctrl_c_at_idle_prompt_expects_exactly_its_redisplayed_prompt (test_manual_input_target.ManualLineUncertaintyTests.test_ctrl_c_at_idle_prompt_expects_exactly_its_redisplayed_prompt) ... ok
test_edited_line_holds_automation_until_its_fresh_ready (test_manual_input_target.ManualLineUncertaintyTests.test_edited_line_holds_automation_until_its_fresh_ready) ... ok
test_editing_keys_then_clean_handoff_is_accepted (test_manual_input_target.ManualLineUncertaintyTests.test_editing_keys_then_clean_handoff_is_accepted) ... ok
test_program_input_behind_counted_handoff_typeahead_keeps_hold (test_manual_input_target.ManualLineUncertaintyTests.test_program_input_behind_counted_handoff_typeahead_keeps_hold) ... ok
test_program_input_is_not_a_shell_line_and_resets_on_fresh_prompt (test_manual_input_target.ManualLineUncertaintyTests.test_program_input_is_not_a_shell_line_and_resets_on_fresh_prompt) ... ok
test_stale_ready_cannot_clear_a_later_interrupt (test_manual_input_target.ManualLineUncertaintyTests.test_stale_ready_cannot_clear_a_later_interrupt) ... ok
test_target_unknown_observation_keeps_the_session_latch (test_manual_input_target.ManualLineUncertaintyTests.test_target_unknown_observation_keeps_the_session_latch) ... ok
test_unterminated_program_tail_taints_the_next_shell_line (test_manual_input_target.ManualLineUncertaintyTests.test_unterminated_program_tail_taints_the_next_shell_line) ... ok
test_control_loss_and_in_flight_request_hold_manual_input (test_manual_input_target.ManualTargetDecisionTests.test_control_loss_and_in_flight_request_hold_manual_input) ... ok
test_foreground_outside_the_session_or_unobservable_is_held_with_reason (test_manual_input_target.ManualTargetDecisionTests.test_foreground_outside_the_session_or_unobservable_is_held_with_reason) ... ok
test_latched_boundary_does_not_hold_the_prompt_target (test_manual_input_target.ManualTargetDecisionTests.test_latched_boundary_does_not_hold_the_prompt_target) ... ok
test_pane_admits_editing_and_foreground_program_input_and_reports_holds (test_manual_input_target.ShellPaneManualAdmissionTests.test_pane_admits_editing_and_foreground_program_input_and_reports_holds) ... ok
test_ascii_boundary_4093_runs_4097_refused (test_oversize_boundary_independent_p27cd69c.BoundaryTests.test_ascii_boundary_4093_runs_4097_refused) ... ok
test_multibyte_utf8_boundary (test_oversize_boundary_independent_p27cd69c.BoundaryTests.test_multibyte_utf8_boundary) ... ok
test_repeated_oversize_never_strands_the_shell (test_oversize_boundary_independent_p27cd69c.BoundaryTests.test_repeated_oversize_never_strands_the_shell) ... ok
test_oversize_request_leaves_the_lifecycle_clean_and_the_shell_returns_to_the_user (test_oversize_request_return.OversizeRequestReturnTests.test_oversize_request_leaves_the_lifecycle_clean_and_the_shell_returns_to_the_user) ... ok
test_the_limit_is_the_encoded_run_line (test_oversize_request_return.OversizeRequestReturnTests.test_the_limit_is_the_encoded_run_line) ... ok
test_initial_user_owner_needs_no_second_takeover (test_persistent_shell.PersistentShellUnitTests.test_initial_user_owner_needs_no_second_takeover) ... ok
test_manual_input_revalidates_parent_identity_foreground_and_late_loss (test_persistent_shell.PersistentShellUnitTests.test_manual_input_revalidates_parent_identity_foreground_and_late_loss) ... ok
test_manual_writer_partial_retry_and_no_progress_are_bounded (test_persistent_shell.PersistentShellUnitTests.test_manual_writer_partial_retry_and_no_progress_are_bounded) ... ok
test_reaped_child_at_exec_ready_does_not_invalidate_completion (test_persistent_shell.PersistentShellUnitTests.test_reaped_child_at_exec_ready_does_not_invalidate_completion) ... ok
test_stale_dirty_closed_ports_and_duplicate_request_hold (test_persistent_shell.PersistentShellUnitTests.test_stale_dirty_closed_ports_and_duplicate_request_hold) ... ok
test_takeover_latches_before_confirmation_and_never_cancels_sent_work (test_persistent_shell.PersistentShellUnitTests.test_takeover_latches_before_confirmation_and_never_cancels_sent_work) ... ok
test_bash_and_sh_takeover_environment_and_fail_closed (test_persistent_shell_independent.PersistentShellIndependentRuntimeTests.test_bash_and_sh_takeover_environment_and_fail_closed) ... ok
test_partial_manual_write_rechecks_unknown_before_remaining_bytes (test_persistent_shell_independent.PersistentShellIndependentRuntimeTests.test_partial_manual_write_rechecks_unknown_before_remaining_bytes) ... ok
test_unknown_manual_input_is_not_written_in_live_bash_and_sh (test_persistent_shell_independent.PersistentShellIndependentRuntimeTests.test_unknown_manual_input_is_not_written_in_live_bash_and_sh) ... ok
test_unknown_user_owned_prompt_never_calls_pty_writer (test_persistent_shell_independent.PersistentShellIndependentRuntimeTests.test_unknown_user_owned_prompt_never_calls_pty_writer) ... ok
test_shell_user_children_experiment_and_descendants_have_default_pipe_xfsz (test_review_fixes_independent_p27c.DefaultPipeXfszTests.test_shell_user_children_experiment_and_descendants_have_default_pipe_xfsz) ... ok
test_long_main_spawning_orphans_keeps_zombies_bounded_and_tracks_descendants (test_review_fixes_independent_p27c.OrphanReapingDuringLongMainTests.test_long_main_spawning_orphans_keeps_zombies_bounded_and_tracks_descendants) ... ok
test_shell_user_child_and_experiment_have_default_pipe_and_xfsz (test_review_p2_fixes.DefaultSignalDispositionTests.test_shell_user_child_and_experiment_have_default_pipe_and_xfsz) ... ok
test_2mib_paste_to_raw_foreground_program_keeps_backend_loop_responsive (test_review_p2_fixes.LargeForegroundPasteTests.test_2mib_paste_to_raw_foreground_program_keeps_backend_loop_responsive) ... ok
test_fifty_double_fork_orphans_never_accumulate_as_zombies (test_review_p2_fixes.SupervisorReapsOrphansDuringMainTests.test_fifty_double_fork_orphans_never_accumulate_as_zombies) ... ok
test_an_osc52_that_began_or_ended_in_quiet_output_never_reports (test_vt_osc52.Osc52StreamTests.test_an_osc52_that_began_or_ended_in_quiet_output_never_reports) ... ok
test_byte_by_byte (test_vt_osc52.Osc52StreamTests.test_byte_by_byte) ... ok
test_can_sub_or_another_escape_abort_without_a_report (test_vt_osc52.Osc52StreamTests.test_can_sub_or_another_escape_abort_without_a_report) ... ok
test_in_clipboard_body_is_true_only_inside_a_held_back_body (test_vt_osc52.Osc52StreamTests.test_in_clipboard_body_is_true_only_inside_a_held_back_body) ... ok
test_lost_terminator_is_abandoned_after_string_max_and_output_shows_again (test_vt_osc52.Osc52StreamTests.test_lost_terminator_is_abandoned_after_string_max_and_output_shows_again) ... ok
test_other_osc_and_tmux_strings_are_unchanged (test_vt_osc52.Osc52StreamTests.test_other_osc_and_tmux_strings_are_unchanged) ... ok
test_other_selections_and_reads_are_reported_raw_for_the_owner_to_judge (test_vt_osc52.Osc52StreamTests.test_other_selections_and_reads_are_reported_raw_for_the_owner_to_judge) ... ok
test_oversized_body_is_reported_as_none_and_never_truncated (test_vt_osc52.Osc52StreamTests.test_oversized_body_is_reported_as_none_and_never_truncated) ... ok
test_quiet_output_never_reports (test_vt_osc52.Osc52StreamTests.test_quiet_output_never_reports) ... ok
test_split_across_reads_at_every_byte (test_vt_osc52.Osc52StreamTests.test_split_across_reads_at_every_byte) ... ok
test_st_terminated_form (test_vt_osc52.Osc52StreamTests.test_st_terminated_form) ... ok
test_the_exact_omp_copy_bytes_are_reported_and_not_drawn (test_vt_osc52.Osc52StreamTests.test_the_exact_omp_copy_bytes_are_reported_and_not_drawn) ... ok
test_tmux_passthrough_wrapped_form (test_vt_osc52.Osc52StreamTests.test_tmux_passthrough_wrapped_form) ... ok
test_without_a_callback_osc52_is_still_swallowed (test_vt_osc52.Osc52StreamTests.test_without_a_callback_osc52_is_still_swallowed) ... ok
test_body_exactly_at_the_limit_is_kept (test_vt_osc52_independent_p27cd69.AbortAndLimitTests.test_body_exactly_at_the_limit_is_kept) ... ok
test_can_sub_and_esc_other_abort_without_a_report_and_later_text_shows (test_vt_osc52_independent_p27cd69.AbortAndLimitTests.test_can_sub_and_esc_other_abort_without_a_report_and_later_text_shows) ... ok
test_oversized_body_is_refused_whole_not_cut_and_the_next_one_works (test_vt_osc52_independent_p27cd69.AbortAndLimitTests.test_oversized_body_is_refused_whole_not_cut_and_the_next_one_works) ... ok
test_byte_by_byte_and_random_chunking (test_vt_osc52_independent_p27cd69.EveryBoundaryTests.test_byte_by_byte_and_random_chunking) ... ok
test_every_two_way_split_reports_the_body_once_and_never_draws_it (test_vt_osc52_independent_p27cd69.EveryBoundaryTests.test_every_two_way_split_reports_the_body_once_and_never_draws_it) ... ok
test_selection_parameter_is_passed_through_and_reads_are_not_turned_into_writes (test_vt_osc52_independent_p27cd69.EveryBoundaryTests.test_selection_parameter_is_passed_through_and_reads_are_not_turned_into_writes) ... ok
test_dcs_that_is_not_a_tmux_wrapped_osc52_never_reports_or_draws (test_vt_osc52_independent_p27cd69.OtherSequencesTests.test_dcs_that_is_not_a_tmux_wrapped_osc52_never_reports_or_draws) ... ok
test_no_clipboard_callback_means_no_report_and_no_text (test_vt_osc52_independent_p27cd69.OtherSequencesTests.test_no_clipboard_callback_means_no_report_and_no_text) ... ok
test_other_osc_render_exactly_like_plain_pyte_and_never_report (test_vt_osc52_independent_p27cd69.OtherSequencesTests.test_other_osc_render_exactly_like_plain_pyte_and_never_report) ... ok
test_titles_still_reach_the_screen (test_vt_osc52_independent_p27cd69.OtherSequencesTests.test_titles_still_reach_the_screen) ... ok
test_a_sequence_with_any_quiet_part_is_never_reported (test_vt_osc52_independent_p27cd69.QuietTests.test_a_sequence_with_any_quiet_part_is_never_reported) ... ok
test_live_sequence_after_quiet_output_reports_again (test_vt_osc52_independent_p27cd69.QuietTests.test_live_sequence_after_quiet_output_reports_again) ... ok
test_quiet_trailing_escape_does_not_leak_into_live (test_vt_osc52_independent_p27cd69.QuietTests.test_quiet_trailing_escape_does_not_leak_into_live) ... ok
test_a_cap_boundary_pair_decides_by_the_base64_length (test_vt_osc52_independent_p27cd69b.BigBodyTests.test_a_cap_boundary_pair_decides_by_the_base64_length) ... ok
test_over_the_cap_is_reported_as_refused_never_cut_and_never_drawn (test_vt_osc52_independent_p27cd69b.BigBodyTests.test_over_the_cap_is_reported_as_refused_never_cut_and_never_drawn) ... ok
test_up_to_the_cap_is_reported_whole_and_never_drawn (test_vt_osc52_independent_p27cd69b.BigBodyTests.test_up_to_the_cap_is_reported_whole_and_never_drawn) ... ok
test_a_fresh_stream_fed_the_middle_of_a_body_does_not_know_it_is_inside_one (test_vt_osc52_independent_p27cd69b.InClipboardBodyTests.test_a_fresh_stream_fed_the_middle_of_a_body_does_not_know_it_is_inside_one) ... ok
test_an_aborted_body_is_not_open_and_not_reported (test_vt_osc52_independent_p27cd69b.InClipboardBodyTests.test_an_aborted_body_is_not_open_and_not_reported) ... ok
test_true_only_while_a_body_is_open (test_vt_osc52_independent_p27cd69b.InClipboardBodyTests.test_true_only_while_a_body_is_open) ... ok
test_a_big_write_between_two_small_ones_keeps_order (test_vt_osc52_independent_p27cd69b.MultipleWritesTests.test_a_big_write_between_two_small_ones_keeps_order) ... ok
test_all_writes_of_one_feed_are_reported_in_order (test_vt_osc52_independent_p27cd69b.MultipleWritesTests.test_all_writes_of_one_feed_are_reported_in_order) ... ok
test_random_chunking_of_many_writes_keeps_order_and_count (test_vt_osc52_independent_p27cd69b.MultipleWritesTests.test_random_chunking_of_many_writes_keeps_order_and_count) ... ok
test_a_saved_cursor_moves_up_with_its_line (test_vt_resize_savepoint.SavedCursorShrinkTests.test_a_saved_cursor_moves_up_with_its_line) ... ok
test_a_saved_cursor_on_a_row_that_left_the_screen_is_clamped_to_the_top (test_vt_resize_savepoint.SavedCursorShrinkTests.test_a_saved_cursor_on_a_row_that_left_the_screen_is_clamped_to_the_top) ... ok
test_every_saved_cursor_on_the_stack_moves (test_vt_resize_savepoint.SavedCursorShrinkTests.test_every_saved_cursor_on_the_stack_moves) ... ok
test_nothing_moves_when_no_row_scrolls_away (test_vt_resize_savepoint.SavedCursorShrinkTests.test_nothing_moves_when_no_row_scrolls_away) ... ok
test_the_primary_saved_cursor_moves_when_the_shrink_happened_in_the_alternate_screen (test_vt_resize_savepoint.SavedCursorShrinkTests.test_the_primary_saved_cursor_moves_when_the_shrink_happened_in_the_alternate_screen) ... ok
test_a_full_pane_shrunk_then_a_follow_up_command_is_not_overprinted (test_vt_resize_shrink.ShrinkTests.test_a_full_pane_shrunk_then_a_follow_up_command_is_not_overprinted) ... ok
test_a_scroll_region_is_reset_and_still_works_after_a_shrink (test_vt_resize_shrink.ShrinkTests.test_a_scroll_region_is_reset_and_still_works_after_a_shrink) ... ok
test_a_shrink_by_several_steps_matches_one_shrink (test_vt_resize_shrink.ShrinkTests.test_a_shrink_by_several_steps_matches_one_shrink) ... ok
test_growing_and_column_changes_keep_pyte_behaviour (test_vt_resize_shrink.ShrinkTests.test_growing_and_column_changes_keep_pyte_behaviour) ... ok
test_leaving_the_alternate_screen_after_a_shrink_keeps_the_shell_prompt_line (test_vt_resize_shrink.ShrinkTests.test_leaving_the_alternate_screen_after_a_shrink_keeps_the_shell_prompt_line) ... ok
test_rows_below_the_cursor_go_first_and_nothing_scrolls_when_the_cursor_still_fits (test_vt_resize_shrink.ShrinkTests.test_rows_below_the_cursor_go_first_and_nothing_scrolls_when_the_cursor_still_fits) ... ok
test_the_alternate_screen_itself_keeps_its_cursor_visible_and_no_history (test_vt_resize_shrink.ShrinkTests.test_the_alternate_screen_itself_keeps_its_cursor_visible_and_no_history) ... ok
test_the_rows_that_leave_the_top_go_to_the_history_in_order (test_vt_resize_shrink.ShrinkTests.test_the_rows_that_leave_the_top_go_to_the_history_in_order) ... ok
test_a_string_is_capped (test_vt_string_sequences.StringBoundsTests.test_a_string_is_capped) ... ok
test_can_or_sub_right_after_esc_abort (test_vt_string_sequences.StringBoundsTests.test_can_or_sub_right_after_esc_abort) ... ok
test_esc_esc_p_starts_a_dcs (test_vt_string_sequences.StringBoundsTests.test_esc_esc_p_starts_a_dcs) ... ok
test_esc_with_another_byte_ends_the_string_and_acts (test_vt_string_sequences.StringBoundsTests.test_esc_with_another_byte_ends_the_string_and_acts) ... ok
test_large_output_stays_fast (test_vt_string_sequences.StringBoundsTests.test_large_output_stays_fast) ... ok
test_any_dcs_sos_pm_apc_string_is_swallowed (test_vt_string_sequences.StringSequenceTests.test_any_dcs_sos_pm_apc_string_is_swallowed) ... ok
test_can_or_sub_abort_a_string (test_vt_string_sequences.StringSequenceTests.test_can_or_sub_abort_a_string) ... ok
test_ordinary_output_is_unchanged (test_vt_string_sequences.StringSequenceTests.test_ordinary_output_is_unchanged) ... ok
test_plain_notifications_stay_invisible (test_vt_string_sequences.StringSequenceTests.test_plain_notifications_stay_invisible) ... ok
test_split_at_every_byte_boundary (test_vt_string_sequences.StringSequenceTests.test_split_at_every_byte_boundary) ... ok
test_the_tmux_wrapped_omp_notification_is_not_text (test_vt_string_sequences.StringSequenceTests.test_the_tmux_wrapped_omp_notification_is_not_text) ... ok
test_abort_after_a_string_that_already_ended_still_acts_as_pyte_would (test_vt_string_sequences_independent_p27o1.AbortAndTermination.test_abort_after_a_string_that_already_ended_still_acts_as_pyte_would) ... ok
test_after_abort_new_strings_work_again (test_vt_string_sequences_independent_p27o1.AbortAndTermination.test_after_abort_new_strings_work_again) ... ok
test_can_and_sub_abort_in_every_string_kind_and_position (test_vt_string_sequences_independent_p27o1.AbortAndTermination.test_can_and_sub_abort_in_every_string_kind_and_position) ... ok
test_esc_esc_outside_a_string_acts_like_a_single_esc_for_other_sequences (test_vt_string_sequences_independent_p27o1.AbortAndTermination.test_esc_esc_outside_a_string_acts_like_a_single_esc_for_other_sequences) ... ok
test_esc_esc_p_outside_a_string_is_a_dcs (test_vt_string_sequences_independent_p27o1.AbortAndTermination.test_esc_esc_p_outside_a_string_is_a_dcs) ... ok
test_esc_then_can_or_sub_inside_a_string_aborts_it (test_vt_string_sequences_independent_p27o1.AbortAndTermination.test_esc_then_can_or_sub_inside_a_string_aborts_it) ... ok
test_lone_st_and_lone_esc_backslash_outside_a_string_are_harmless (test_vt_string_sequences_independent_p27o1.AbortAndTermination.test_lone_st_and_lone_esc_backslash_outside_a_string_are_harmless) ... ok
test_lost_st_never_blanks_the_pane (test_vt_string_sequences_independent_p27o1.AbortAndTermination.test_lost_st_never_blanks_the_pane) ... ok
test_ris_works_after_an_aborted_string (test_vt_string_sequences_independent_p27o1.AbortAndTermination.test_ris_works_after_an_aborted_string) ... ok
test_string_ended_by_cap_leaves_the_stream_usable (test_vt_string_sequences_independent_p27o1.AbortAndTermination.test_string_ended_by_cap_leaves_the_stream_usable) ... ok
test_unterminated_string_hides_following_output_until_abort (test_vt_string_sequences_independent_p27o1.AbortAndTermination.test_unterminated_string_hides_following_output_until_abort) ... ok
test_byte_at_a_time_and_every_two_way_split_equal_the_unsplit_rendering (test_vt_string_sequences_independent_p27o1.ChunkSplitting.test_byte_at_a_time_and_every_two_way_split_equal_the_unsplit_rendering) ... ok
test_empty_feed_keeps_a_pending_esc (test_vt_string_sequences_independent_p27o1.ChunkSplitting.test_empty_feed_keeps_a_pending_esc) ... ok
test_every_three_way_split_around_each_escape (test_vt_string_sequences_independent_p27o1.ChunkSplitting.test_every_three_way_split_around_each_escape) ... ok
test_exhaustive_short_sequences_match_the_reference_for_every_split (test_vt_string_sequences_independent_p27o1.ChunkSplitting.test_exhaustive_short_sequences_match_the_reference_for_every_split) ... ok
test_random_fuzz_with_string_fragments_matches_a_reference_filter (test_vt_string_sequences_independent_p27o1.ChunkSplitting.test_random_fuzz_with_string_fragments_matches_a_reference_filter)
Differential fuzz against an independent, simple state-machine reference of the corrected rules. ... ok
test_seeded_random_splits_of_a_mixed_stream_equal_the_unsplit_rendering (test_vt_string_sequences_independent_p27o1.ChunkSplitting.test_seeded_random_splits_of_a_mixed_stream_equal_the_unsplit_rendering) ... ok
test_split_exactly_between_esc_and_its_second_byte_inside_and_outside_strings (test_vt_string_sequences_independent_p27o1.ChunkSplitting.test_split_exactly_between_esc_and_its_second_byte_inside_and_outside_strings) ... ok
test_cap_abandonment_shows_only_the_overflow_not_the_hidden_part (test_vt_string_sequences_independent_p27o1.LongPayloads.test_cap_abandonment_shows_only_the_overflow_not_the_hidden_part) ... ok
test_filter_cost_is_linear_not_quadratic (test_vt_string_sequences_independent_p27o1.LongPayloads.test_filter_cost_is_linear_not_quadratic) ... ok
test_giant_payload_with_split_inside_and_unterminated_end_leaves_no_residue (test_vt_string_sequences_independent_p27o1.LongPayloads.test_giant_payload_with_split_inside_and_unterminated_end_leaves_no_residue) ... ok
test_huge_payload_is_not_buffered_and_memory_stays_flat (test_vt_string_sequences_independent_p27o1.LongPayloads.test_huge_payload_is_not_buffered_and_memory_stays_flat) ... ok
test_many_notifications_do_not_grow_state (test_vt_string_sequences_independent_p27o1.LongPayloads.test_many_notifications_do_not_grow_state) ... ok
test_payload_of_only_escapes_and_a_single_giant_read (test_vt_string_sequences_independent_p27o1.LongPayloads.test_payload_of_only_escapes_and_a_single_giant_read) ... ok
test_string_cap_is_8_mib_a_long_string_below_it_stays_hidden_a_longer_one_is_abandoned (test_vt_string_sequences_independent_p27o1.LongPayloads.test_string_cap_is_8_mib_a_long_string_below_it_stays_hidden_a_longer_one_is_abandoned) ... ok
test_all_kinds_of_chunk_types_are_accepted (test_vt_string_sequences_independent_p27o1.OrdinaryOutputUnchanged.test_all_kinds_of_chunk_types_are_accepted) ... ok
test_exact_equality_with_plain_pyte_whole_and_random_chunks (test_vt_string_sequences_independent_p27o1.OrdinaryOutputUnchanged.test_exact_equality_with_plain_pyte_whole_and_random_chunks) ... ok
test_osc52_from_a_pane_stays_invisible_and_is_not_confused_with_strings (test_vt_string_sequences_independent_p27o1.OrdinaryOutputUnchanged.test_osc52_from_a_pane_stays_invisible_and_is_not_confused_with_strings) ... ok
test_screen_after_strings_keeps_working_for_scroll_history_and_resize (test_vt_string_sequences_independent_p27o1.OrdinaryOutputUnchanged.test_screen_after_strings_keeps_working_for_scroll_history_and_resize) ... ok
test_title_is_still_set_by_osc_0_and_2 (test_vt_string_sequences_independent_p27o1.OrdinaryOutputUnchanged.test_title_is_still_set_by_osc_0_and_2) ... ok
test_bel_does_not_end_a_dcs_but_does_not_leak_either (test_vt_string_sequences_independent_p27o1.OtherStringIntroducers.test_bel_does_not_end_a_dcs_but_does_not_leak_either) ... ok
test_dcs_sos_pm_apc_swallowed_with_st (test_vt_string_sequences_independent_p27o1.OtherStringIntroducers.test_dcs_sos_pm_apc_swallowed_with_st) ... ok
test_esc_p_used_as_charset_or_sharp_or_plain_text_is_not_a_string (test_vt_string_sequences_independent_p27o1.OtherStringIntroducers.test_esc_p_used_as_charset_or_sharp_or_plain_text_is_not_a_string) ... ok
test_esc_plus_another_introducer_inside_a_string_starts_a_new_string (test_vt_string_sequences_independent_p27o1.OtherStringIntroducers.test_esc_plus_another_introducer_inside_a_string_starts_a_new_string) ... ok
test_esc_plus_other_byte_inside_a_string_ends_it_and_is_parsed_again (test_vt_string_sequences_independent_p27o1.OtherStringIntroducers.test_esc_plus_other_byte_inside_a_string_ends_it_and_is_parsed_again) ... ok
test_nested_and_garbage_payloads (test_vt_string_sequences_independent_p27o1.OtherStringIntroducers.test_nested_and_garbage_payloads) ... ok
test_string_state_is_per_stream_and_ends_with_st (test_vt_string_sequences_independent_p27o1.OtherStringIntroducers.test_string_state_is_per_stream_and_ends_with_st) ... ok
test_every_notification_form_wrapped_in_tmux_passthrough_is_invisible (test_vt_string_sequences_independent_p27o1.TmuxWrappedNotifications.test_every_notification_form_wrapped_in_tmux_passthrough_is_invisible) ... ok
test_inner_escaped_esc_backslash_is_not_the_end_of_the_string (test_vt_string_sequences_independent_p27o1.TmuxWrappedNotifications.test_inner_escaped_esc_backslash_is_not_the_end_of_the_string) ... ok
test_notification_after_other_output_leaves_cursor_and_cells_identical_to_no_notification (test_vt_string_sequences_independent_p27o1.TmuxWrappedNotifications.test_notification_after_other_output_leaves_cursor_and_cells_identical_to_no_notification) ... ok
test_payload_with_text_that_looks_like_control_and_csi (test_vt_string_sequences_independent_p27o1.TmuxWrappedNotifications.test_payload_with_text_that_looks_like_control_and_csi) ... ok
test_several_notifications_back_to_back_and_interleaved_with_text (test_vt_string_sequences_independent_p27o1.TmuxWrappedNotifications.test_several_notifications_back_to_back_and_interleaved_with_text) ... ok
test_unwrapped_notifications_equal_the_wrapped_rendering (test_vt_string_sequences_independent_p27o1.TmuxWrappedNotifications.test_unwrapped_notifications_equal_the_wrapped_rendering) ... ok
test_ascii_bytes_that_equal_introducers_inside_utf8_never_matter (test_vt_string_sequences_independent_p27o1.Utf8Safety.test_ascii_bytes_that_equal_introducers_inside_utf8_never_matter) ... ok
test_every_hangul_syllable_survives_and_continuation_bytes_are_not_introducers (test_vt_string_sequences_independent_p27o1.Utf8Safety.test_every_hangul_syllable_survives_and_continuation_bytes_are_not_introducers) ... ok
test_invalid_utf8_inside_and_outside_strings_does_not_raise (test_vt_string_sequences_independent_p27o1.Utf8Safety.test_invalid_utf8_inside_and_outside_strings_does_not_raise) ... ok
test_korean_inside_the_string_split_in_the_middle_of_a_character (test_vt_string_sequences_independent_p27o1.Utf8Safety.test_korean_inside_the_string_split_in_the_middle_of_a_character) ... ok
test_korean_text_split_at_every_byte_around_a_string_matches_unsplit (test_vt_string_sequences_independent_p27o1.Utf8Safety.test_korean_text_split_at_every_byte_around_a_string_matches_unsplit) ... ok

----------------------------------------------------------------------
Ran 221 tests in 606.229s

OK

[p27c P2-1 bash] samples=411 max_zombies=0 reaped_events=995 main_return_at=63.0s

[p27c P2-1 sh] samples=410 max_zombies=0 reaped_events=995 main_return_at=62.8s
== suite tests/terminal rc=0 2026-10-09T02:50:34+09:00
== suite tests/recovery_boot start 2026-10-09T02:50:34+09:00
test_model_error_holds_that_role_until_its_next_clean_answer (test_backend_restart.FaultHoldTests.test_model_error_holds_that_role_until_its_next_clean_answer) ... 2026-10-09T02:50:34 backend[2783558] startup reconcile: fresh (boot ok); survivors []; run None; outbox not sent 0
2026-10-09T02:50:34 backend[2783558] starting in /tmp/cw19-be-il7ddczb/d (session 2770642, shell /usr/bin/bash)
2026-10-09T02:50:34 backend[2783558] omp home: OMP Workbench shares only your OMP login and found no usable OMP auth store at /tmp/cw19-be-il7ddczb/h/.omp/agent/agent.db (missing). Run 'omp' once outside Workbench and sign in with /login, then start Workbench again. No OMP login yet but a provider API key? With no auth store at that path, a provider API key environment variable from 'omp --help' (for example ANTHROPIC_API_KEY or OPENAI_API_KEY) lets Workbench start without the shared login; the key is passed to the Workbench OMPs as before. Workbench never creates this file and never reads its contents.
2026-10-09T02:50:34 backend[2783558] omp home: OMP 18.6.1 has not extracted its native addon into /tmp/cw19-be-il7ddczb/h/.omp/natives/18.6.1 yet: the first Workbench OMP extracts it there (the same files your own omp 18.6.1 extracts; OMP has no setting to move this directory).
2026-10-09T02:50:34 backend[2783558] omp home /tmp/cw19-be-il7ddczb/d/omp-root (agent.db not linked)
/usr/lib/python3.12/pty.py:95: DeprecationWarning: This process (pid=2783558) is multi-threaded, use of forkpty() may lead to deadlocks in the child.
  pid, fd = os.forkpty()
2026-10-09T02:50:35 backend[2783558] omp isolation check ok
2026-10-09T02:50:35 backend[2783558] ready: both OMP bridges connected
2026-10-09T02:50:35 backend[2783558] model error in the worker OMP (error); its automatic work is held, experiments and observation continue
2026-10-09T02:50:35 backend[2783558] model of worker answered without error; its automatic work is admitted again
ok
test_task_metadata_fault_holds_the_dispatch (test_backend_restart.FaultHoldTests.test_task_metadata_fault_holds_the_dispatch) ... 2026-10-09T02:50:35 backend[2783558] startup reconcile: fresh (boot ok); survivors []; run None; outbox not sent 0
2026-10-09T02:50:35 backend[2783558] starting in /tmp/cw19-be-sste7vh8/d (session 2770642, shell /usr/bin/bash)
2026-10-09T02:50:35 backend[2783558] omp home: OMP Workbench shares only your OMP login and found no usable OMP auth store at /tmp/cw19-be-sste7vh8/h/.omp/agent/agent.db (missing). Run 'omp' once outside Workbench and sign in with /login, then start Workbench again. No OMP login yet but a provider API key? With no auth store at that path, a provider API key environment variable from 'omp --help' (for example ANTHROPIC_API_KEY or OPENAI_API_KEY) lets Workbench start without the shared login; the key is passed to the Workbench OMPs as before. Workbench never creates this file and never reads its contents.
2026-10-09T02:50:35 backend[2783558] omp home: OMP 18.6.1 has not extracted its native addon into /tmp/cw19-be-sste7vh8/h/.omp/natives/18.6.1 yet: the first Workbench OMP extracts it there (the same files your own omp 18.6.1 extracts; OMP has no setting to move this directory).
2026-10-09T02:50:35 backend[2783558] omp home /tmp/cw19-be-sste7vh8/d/omp-root (agent.db not linked)
2026-10-09T02:50:35 backend[2783558] omp isolation check ok
2026-10-09T02:50:35 backend[2783558] ready: both OMP bridges connected
2026-10-09T02:50:35 backend[2783558] metadata write failed (task_metadata: OperationalError); new automatic work is held, running work and logs continue
ok
test_unwritable_record_is_a_metadata_hold_not_a_stop (test_backend_restart.FaultHoldTests.test_unwritable_record_is_a_metadata_hold_not_a_stop) ... 2026-10-09T02:50:35 backend[2783558] startup reconcile: fresh (boot ok); survivors []; run None; outbox not sent 0
2026-10-09T02:50:35 backend[2783558] starting in /tmp/cw19-be-rh65xhfa/d (session 2770642, shell /usr/bin/bash)
2026-10-09T02:50:35 backend[2783558] omp home: OMP Workbench shares only your OMP login and found no usable OMP auth store at /tmp/cw19-be-rh65xhfa/h/.omp/agent/agent.db (missing). Run 'omp' once outside Workbench and sign in with /login, then start Workbench again. No OMP login yet but a provider API key? With no auth store at that path, a provider API key environment variable from 'omp --help' (for example ANTHROPIC_API_KEY or OPENAI_API_KEY) lets Workbench start without the shared login; the key is passed to the Workbench OMPs as before. Workbench never creates this file and never reads its contents.
2026-10-09T02:50:35 backend[2783558] omp home: OMP 18.6.1 has not extracted its native addon into /tmp/cw19-be-rh65xhfa/h/.omp/natives/18.6.1 yet: the first Workbench OMP extracts it there (the same files your own omp 18.6.1 extracts; OMP has no setting to move this directory).
2026-10-09T02:50:35 backend[2783558] omp home /tmp/cw19-be-rh65xhfa/d/omp-root (agent.db not linked)
2026-10-09T02:50:36 backend[2783558] omp isolation check ok
2026-10-09T02:50:36 backend[2783558] ready: both OMP bridges connected
2026-10-09T02:50:36 backend[2783558] metadata write failed (backend_record: OSError); new automatic work is held, running work and logs continue
2026-10-09T02:50:36 backend[2783558] metadata writes work again; automatic work admitted again
ok
test_pending_confirmation_survives_a_restart (test_backend_restart.RebootHoldTests.test_pending_confirmation_survives_a_restart) ... 2026-10-09T02:50:36 backend[2783558] startup reconcile: reboot (boot confirmation required: reboot); survivors []; run None; outbox not sent 0
2026-10-09T02:50:36 backend[2783558] starting in /tmp/cw19-be-l80ihtpb/d (session 2770642, shell /usr/bin/bash)
2026-10-09T02:50:36 backend[2783558] omp home: OMP Workbench shares only your OMP login and found no usable OMP auth store at /tmp/cw19-be-l80ihtpb/h/.omp/agent/agent.db (missing). Run 'omp' once outside Workbench and sign in with /login, then start Workbench again. No OMP login yet but a provider API key? With no auth store at that path, a provider API key environment variable from 'omp --help' (for example ANTHROPIC_API_KEY or OPENAI_API_KEY) lets Workbench start without the shared login; the key is passed to the Workbench OMPs as before. Workbench never creates this file and never reads its contents.
2026-10-09T02:50:36 backend[2783558] omp home: OMP 18.6.1 has not extracted its native addon into /tmp/cw19-be-l80ihtpb/h/.omp/natives/18.6.1 yet: the first Workbench OMP extracts it there (the same files your own omp 18.6.1 extracts; OMP has no setting to move this directory).
2026-10-09T02:50:36 backend[2783558] omp home /tmp/cw19-be-l80ihtpb/d/omp-root (agent.db not linked)
2026-10-09T02:50:36 backend[2783558] omp isolation check ok
2026-10-09T02:50:36 backend[2783558] ready: both OMP bridges connected
2026-10-09T02:50:36 backend[2783558] startup reconcile: same_boot_clean_stop (boot confirmation required: reboot); survivors [('backend', 2783558)]; run None; outbox not sent 0
2026-10-09T02:50:36 backend[2783558] starting in /tmp/cw19-be-l80ihtpb/d (session 2770642, shell /usr/bin/bash)
2026-10-09T02:50:36 backend[2783558] omp home: OMP Workbench shares only your OMP login and found no usable OMP auth store at /tmp/cw19-be-l80ihtpb/h/.omp/agent/agent.db (missing). Run 'omp' once outside Workbench and sign in with /login, then start Workbench again. No OMP login yet but a provider API key? With no auth store at that path, a provider API key environment variable from 'omp --help' (for example ANTHROPIC_API_KEY or OPENAI_API_KEY) lets Workbench start without the shared login; the key is passed to the Workbench OMPs as before. Workbench never creates this file and never reads its contents.
2026-10-09T02:50:36 backend[2783558] omp home: OMP 18.6.1 has not extracted its native addon into /tmp/cw19-be-l80ihtpb/h/.omp/natives/18.6.1 yet: the first Workbench OMP extracts it there (the same files your own omp 18.6.1 extracts; OMP has no setting to move this directory).
2026-10-09T02:50:36 backend[2783558] omp home /tmp/cw19-be-l80ihtpb/d/omp-root (agent.db not linked)
2026-10-09T02:50:36 backend[2783558] omp isolation check ok
2026-10-09T02:50:36 backend[2783558] ready: both OMP bridges connected
ok
test_reboot_holds_automatic_work_until_confirm_boot (test_backend_restart.RebootHoldTests.test_reboot_holds_automatic_work_until_confirm_boot) ... 2026-10-09T02:50:36 backend[2783558] startup reconcile: reboot (boot confirmation required: reboot); survivors []; run None; outbox not sent 0
2026-10-09T02:50:36 backend[2783558] starting in /tmp/cw19-be-0iflxhnh/d (session 2770642, shell /usr/bin/bash)
2026-10-09T02:50:36 backend[2783558] omp home: OMP Workbench shares only your OMP login and found no usable OMP auth store at /tmp/cw19-be-0iflxhnh/h/.omp/agent/agent.db (missing). Run 'omp' once outside Workbench and sign in with /login, then start Workbench again. No OMP login yet but a provider API key? With no auth store at that path, a provider API key environment variable from 'omp --help' (for example ANTHROPIC_API_KEY or OPENAI_API_KEY) lets Workbench start without the shared login; the key is passed to the Workbench OMPs as before. Workbench never creates this file and never reads its contents.
2026-10-09T02:50:36 backend[2783558] omp home: OMP 18.6.1 has not extracted its native addon into /tmp/cw19-be-0iflxhnh/h/.omp/natives/18.6.1 yet: the first Workbench OMP extracts it there (the same files your own omp 18.6.1 extracts; OMP has no setting to move this directory).
2026-10-09T02:50:36 backend[2783558] omp home /tmp/cw19-be-0iflxhnh/d/omp-root (agent.db not linked)
2026-10-09T02:50:37 backend[2783558] backend_restarted notice queued for the manager (Task c2d16607-2e9a-4f68-a459-f2c2f45222ef)
2026-10-09T02:50:37 backend[2783558] omp isolation check ok
2026-10-09T02:50:37 backend[2783558] ready: both OMP bridges connected
2026-10-09T02:50:38 backend[2783558] automation: pause requested by the user
2026-10-09T02:50:38 backend[2783558] automation: resume requested by the user
2026-10-09T02:50:38 backend[2783558] automation: resume resumed
2026-10-09T02:50:38 backend[2783558] boot bbbbbbbb-2222-4222-8222-bbbbbbbbbbbb confirmed by the user; Workbench automatic work is admitted again
ok
test_no_notice_without_an_open_task (test_backend_restart.RestartNoticeTests.test_no_notice_without_an_open_task) ... 2026-10-09T02:50:38 backend[2783558] startup reconcile: same_boot_crash (boot ok); survivors []; run None; outbox not sent 0
2026-10-09T02:50:38 backend[2783558] starting in /tmp/cw19-be-n9w4a754/d (session 2770642, shell /usr/bin/bash)
2026-10-09T02:50:38 backend[2783558] omp home: OMP Workbench shares only your OMP login and found no usable OMP auth store at /tmp/cw19-be-n9w4a754/h/.omp/agent/agent.db (missing). Run 'omp' once outside Workbench and sign in with /login, then start Workbench again. No OMP login yet but a provider API key? With no auth store at that path, a provider API key environment variable from 'omp --help' (for example ANTHROPIC_API_KEY or OPENAI_API_KEY) lets Workbench start without the shared login; the key is passed to the Workbench OMPs as before. Workbench never creates this file and never reads its contents.
2026-10-09T02:50:38 backend[2783558] omp home: OMP 18.6.1 has not extracted its native addon into /tmp/cw19-be-n9w4a754/h/.omp/natives/18.6.1 yet: the first Workbench OMP extracts it there (the same files your own omp 18.6.1 extracts; OMP has no setting to move this directory).
2026-10-09T02:50:38 backend[2783558] omp home /tmp/cw19-be-n9w4a754/d/omp-root (agent.db not linked)
2026-10-09T02:50:38 backend[2783558] omp isolation check ok
2026-10-09T02:50:38 backend[2783558] ready: both OMP bridges connected
ok
test_notice_once_after_the_resume_with_survivors_and_status (test_backend_restart.RestartNoticeTests.test_notice_once_after_the_resume_with_survivors_and_status) ... 2026-10-09T02:50:41 backend[2783558] startup reconcile: same_boot_crash (boot ok); survivors [('host_shell', 2783738)]; run None; outbox not sent 0
2026-10-09T02:50:41 backend[2783558] starting in /tmp/cw19-be-1f84dd3b/d (session 2770642, shell /usr/bin/bash)
2026-10-09T02:50:41 backend[2783558] omp home: OMP Workbench shares only your OMP login and found no usable OMP auth store at /tmp/cw19-be-1f84dd3b/h/.omp/agent/agent.db (missing). Run 'omp' once outside Workbench and sign in with /login, then start Workbench again. No OMP login yet but a provider API key? With no auth store at that path, a provider API key environment variable from 'omp --help' (for example ANTHROPIC_API_KEY or OPENAI_API_KEY) lets Workbench start without the shared login; the key is passed to the Workbench OMPs as before. Workbench never creates this file and never reads its contents.
2026-10-09T02:50:41 backend[2783558] omp home: OMP 18.6.1 has not extracted its native addon into /tmp/cw19-be-1f84dd3b/h/.omp/natives/18.6.1 yet: the first Workbench OMP extracts it there (the same files your own omp 18.6.1 extracts; OMP has no setting to move this directory).
2026-10-09T02:50:41 backend[2783558] omp home /tmp/cw19-be-1f84dd3b/d/omp-root (agent.db not linked)
2026-10-09T02:50:41 backend[2783558] backend_restarted notice queued for the manager (Task aba1cd4d-6dfd-4384-9252-075afe49de47)
2026-10-09T02:50:41 backend[2783558] omp isolation check ok
2026-10-09T02:50:41 backend[2783558] ready: both OMP bridges connected
2026-10-09T02:50:43 backend[2783558] automation: resume requested by the user
2026-10-09T02:50:43 backend[2783558] automation: resume resumed
2026-10-09T02:50:46 backend[2783558] stop_survivor s1 (host_shell pid 2783738) requested by the manager: stopped (ended)
ok
test_shutdown_lists_and_never_verifies_a_live_survivor (test_backend_restart.RestartNoticeTests.test_shutdown_lists_and_never_verifies_a_live_survivor) ... 2026-10-09T02:50:47 backend[2783558] startup reconcile: same_boot_crash (boot ok); survivors [('worker_omp', 2783816)]; run None; outbox not sent 0
2026-10-09T02:50:47 backend[2783558] starting in /tmp/cw19-be-6kvnxhxl/d (session 2770642, shell /usr/bin/bash)
2026-10-09T02:50:47 backend[2783558] omp home: OMP Workbench shares only your OMP login and found no usable OMP auth store at /tmp/cw19-be-6kvnxhxl/h/.omp/agent/agent.db (missing). Run 'omp' once outside Workbench and sign in with /login, then start Workbench again. No OMP login yet but a provider API key? With no auth store at that path, a provider API key environment variable from 'omp --help' (for example ANTHROPIC_API_KEY or OPENAI_API_KEY) lets Workbench start without the shared login; the key is passed to the Workbench OMPs as before. Workbench never creates this file and never reads its contents.
2026-10-09T02:50:47 backend[2783558] omp home: OMP 18.6.1 has not extracted its native addon into /tmp/cw19-be-6kvnxhxl/h/.omp/natives/18.6.1 yet: the first Workbench OMP extracts it there (the same files your own omp 18.6.1 extracts; OMP has no setting to move this directory).
2026-10-09T02:50:47 backend[2783558] omp home /tmp/cw19-be-6kvnxhxl/d/omp-root (agent.db not linked)
2026-10-09T02:50:47 backend[2783558] omp isolation check ok
2026-10-09T02:50:47 backend[2783558] ready: both OMP bridges connected
ok
test_a_failing_reconcile_fails_closed_and_can_be_confirmed (test_backend_restart.StartOrderTests.test_a_failing_reconcile_fails_closed_and_can_be_confirmed) ... 2026-10-09T02:50:47 backend[2783558] startup reconcile failed (RuntimeError: boom); automatic work held until confirm-boot
2026-10-09T02:50:47 backend[2783558] metadata write failed (boot_record: OSError); new automatic work is held, running work and logs continue
2026-10-09T02:50:47 backend[2783558] startup reconcile: boot_unknown (boot confirmation required: reconcile_failed); survivors []; run None; outbox not sent 0
2026-10-09T02:50:47 backend[2783558] boot aaaaaaaa-1111-4111-8111-aaaaaaaaaaaa confirmed by the user; Workbench automatic work is admitted again
2026-10-09T02:50:47 backend[2783558] metadata writes work again; automatic work admitted again
ok
test_reconcile_reads_the_previous_record_before_anything_starts (test_backend_restart.StartOrderTests.test_reconcile_reads_the_previous_record_before_anything_starts) ... 2026-10-09T02:50:47 backend[2783558] startup reconcile: same_boot_crash (boot ok); survivors []; run None; outbox not sent 0
2026-10-09T02:50:47 backend[2783558] stopped: {'verified': True}
ok
test_fresh_then_same_boot_needs_no_confirmation (test_boot_reconcile.BootStoreTests.test_fresh_then_same_boot_needs_no_confirmation) ... ok
test_previous_backend_without_boot_record_compares_its_boot (test_boot_reconcile.BootStoreTests.test_previous_backend_without_boot_record_compares_its_boot) ... ok
test_reboot_pending_survives_a_crash_and_confirmation_is_durable (test_boot_reconcile.BootStoreTests.test_reboot_pending_survives_a_crash_and_confirmation_is_durable) ... ok
test_unknown_marker_and_corrupt_record_fail_closed (test_boot_reconcile.BootStoreTests.test_unknown_marker_and_corrupt_record_fail_closed) ... ok
test_unwritable_state_still_holds_in_memory (test_boot_reconcile.BootStoreTests.test_unwritable_state_still_holds_in_memory) ... ok
test_matrix (test_boot_reconcile.ClassifyTests.test_matrix) ... ok
test_reasons_by_role (test_boot_reconcile.HoldTests.test_reasons_by_role) ... ok
test_only_the_last_incarnation_without_a_terminal_state (test_boot_reconcile.LostOutboxTests.test_only_the_last_incarnation_without_a_terminal_state) ... ok
test_durable_pause_and_fail_closed (test_boot_reconcile.PauseStoreTests.test_durable_pause_and_fail_closed) ... ok
test_clean_and_unverified_stops (test_boot_reconcile.StartupReconcileTests.test_clean_and_unverified_stops) ... ok
test_fresh_data_dir (test_boot_reconcile.StartupReconcileTests.test_fresh_data_dir) ... ok
test_members_of_a_previous_pane_session (test_boot_reconcile.StartupReconcileTests.test_members_of_a_previous_pane_session) ... ok
test_members_without_their_leader_are_only_shown (test_boot_reconcile.StartupReconcileTests.test_members_without_their_leader_are_only_shown) ... ok
test_other_boot_refs_are_never_probed (test_boot_reconcile.StartupReconcileTests.test_other_boot_refs_are_never_probed) ... ok
test_run_state_and_lost_outbox_are_reported (test_boot_reconcile.StartupReconcileTests.test_run_state_and_lost_outbox_are_reported) ... ok
test_same_boot_crash_lists_proven_survivors_and_signals_nothing (test_boot_reconcile.StartupReconcileTests.test_same_boot_crash_lists_proven_survivors_and_signals_nothing) ... ok
test_unknown_boot_probes_nothing_and_holds (test_boot_reconcile.StartupReconcileTests.test_unknown_boot_probes_nothing_and_holds) ... ok
test_confirm_boot_backend_refusal_is_exit_1 (test_cli_independent_p27cw19.Cli.test_confirm_boot_backend_refusal_is_exit_1) ... ok
test_confirm_boot_not_running (test_cli_independent_p27cw19.Cli.test_confirm_boot_not_running) ... ok
test_confirm_boot_nothing_pending (test_cli_independent_p27cw19.Cli.test_confirm_boot_nothing_pending) ... ok
test_confirm_boot_refuses_without_tty_or_yes_and_sends_nothing (test_cli_independent_p27cw19.Cli.test_confirm_boot_refuses_without_tty_or_yes_and_sends_nothing) ... ok
test_confirm_boot_tty_answer_no (test_cli_independent_p27cw19.Cli.test_confirm_boot_tty_answer_no) ... ok
test_confirm_boot_unreadable_marker_keeps_the_hold (test_cli_independent_p27cw19.Cli.test_confirm_boot_unreadable_marker_keeps_the_hold) ... ok
test_confirm_boot_yes_sends_the_current_boot_id (test_cli_independent_p27cw19.Cli.test_confirm_boot_yes_sends_the_current_boot_id) ... ok
test_shutdown_unverified_is_exit_1_with_the_failure_line (test_cli_independent_p27cw19.Cli.test_shutdown_unverified_is_exit_1_with_the_failure_line) ... ok
test_shutdown_verified_is_exit_0 (test_cli_independent_p27cw19.Cli.test_shutdown_verified_is_exit_0) ... ok
test_shutdown_without_confirmation_sends_no_confirm (test_cli_independent_p27cw19.Cli.test_shutdown_without_confirmation_sends_no_confirm) ... ok
test_shutdown_without_result_is_exit_1 (test_cli_independent_p27cw19.Cli.test_shutdown_without_result_is_exit_1) ... ok
test_a_confirm_answer_that_times_out_still_waits_for_the_result (test_cli_shutdown_wait_cw16.ShutdownWait.test_a_confirm_answer_that_times_out_still_waits_for_the_result) ... ok
test_a_failed_request_stops_nothing_and_is_reported (test_cli_shutdown_wait_cw16.ShutdownWait.test_a_failed_request_stops_nothing_and_is_reported) ... ok
test_a_lost_connection_on_the_confirm_is_reported_not_raised (test_cli_shutdown_wait_cw16.ShutdownWait.test_a_lost_connection_on_the_confirm_is_reported_not_raised) ... ok
test_connection_lost_before_the_result_checks_the_backend_pid (test_cli_shutdown_wait_cw16.ShutdownWait.test_connection_lost_before_the_result_checks_the_backend_pid) ... ok
test_ctrl_c_at_the_prompt_cancels_without_confirming (test_cli_shutdown_wait_cw16.ShutdownWait.test_ctrl_c_at_the_prompt_cancels_without_confirming) ... ok
test_ctrl_c_during_the_request_stops_nothing_without_a_traceback (test_cli_shutdown_wait_cw16.ShutdownWait.test_ctrl_c_during_the_request_stops_nothing_without_a_traceback) ... ok
test_ctrl_c_while_waiting_reports_unconfirmed_termination (test_cli_shutdown_wait_cw16.ShutdownWait.test_ctrl_c_while_waiting_reports_unconfirmed_termination) ... ok
test_json_form_has_no_progress_and_ends_with_the_result (test_cli_shutdown_wait_cw16.ShutdownWait.test_json_form_has_no_progress_and_ends_with_the_result) ... ok
test_no_result_within_the_bound_with_the_backend_alive (test_cli_shutdown_wait_cw16.ShutdownWait.test_no_result_within_the_bound_with_the_backend_alive) ... ok
test_no_yes_on_a_closed_or_non_tty_stdin_prints_the_work_and_asks_for_yes (test_cli_shutdown_wait_cw16.ShutdownWait.test_no_yes_on_a_closed_or_non_tty_stdin_prints_the_work_and_asks_for_yes) ... ok
test_the_wait_follows_the_backend_bound_and_shows_progress (test_cli_shutdown_wait_cw16.ShutdownWait.test_the_wait_follows_the_backend_bound_and_shows_progress) ... ok
test_a_broker_is_pinned_before_the_run_stop_fence_ends_its_omp (test_cw16_fix01_backend.BrokerShutdownTests.test_a_broker_is_pinned_before_the_run_stop_fence_ends_its_omp) ... 2026-10-09T02:50:50 backend[2783558] startup reconcile: fresh (boot ok); survivors []; run None; outbox not sent 0
2026-10-09T02:50:50 backend[2783558] starting in /tmp/cw19-be-k_m8w2dp/d (session 2770642, shell /usr/bin/bash)
2026-10-09T02:50:50 backend[2783558] omp home: OMP Workbench shares only your OMP login and found no usable OMP auth store at /tmp/cw19-be-k_m8w2dp/h/.omp/agent/agent.db (missing). Run 'omp' once outside Workbench and sign in with /login, then start Workbench again. No OMP login yet but a provider API key? With no auth store at that path, a provider API key environment variable from 'omp --help' (for example ANTHROPIC_API_KEY or OPENAI_API_KEY) lets Workbench start without the shared login; the key is passed to the Workbench OMPs as before. Workbench never creates this file and never reads its contents.
2026-10-09T02:50:50 backend[2783558] omp home: OMP 18.6.1 has not extracted its native addon into /tmp/cw19-be-k_m8w2dp/h/.omp/natives/18.6.1 yet: the first Workbench OMP extracts it there (the same files your own omp 18.6.1 extracts; OMP has no setting to move this directory).
2026-10-09T02:50:50 backend[2783558] omp home /tmp/cw19-be-k_m8w2dp/d/omp-root (agent.db not linked)
2026-10-09T02:50:50 backend[2783558] omp isolation check ok
2026-10-09T02:50:50 backend[2783558] ready: both OMP bridges connected
ok
test_a_broker_that_cannot_be_ended_is_never_verified (test_cw16_fix01_backend.BrokerShutdownTests.test_a_broker_that_cannot_be_ended_is_never_verified) ... 2026-10-09T02:50:56 backend[2783558] startup reconcile: fresh (boot ok); survivors []; run None; outbox not sent 0
2026-10-09T02:50:56 backend[2783558] starting in /tmp/cw19-be-ix7ut19h/d (session 2770642, shell /usr/bin/bash)
2026-10-09T02:50:56 backend[2783558] omp home: OMP Workbench shares only your OMP login and found no usable OMP auth store at /tmp/cw19-be-ix7ut19h/h/.omp/agent/agent.db (missing). Run 'omp' once outside Workbench and sign in with /login, then start Workbench again. No OMP login yet but a provider API key? With no auth store at that path, a provider API key environment variable from 'omp --help' (for example ANTHROPIC_API_KEY or OPENAI_API_KEY) lets Workbench start without the shared login; the key is passed to the Workbench OMPs as before. Workbench never creates this file and never reads its contents.
2026-10-09T02:50:56 backend[2783558] omp home: OMP 18.6.1 has not extracted its native addon into /tmp/cw19-be-ix7ut19h/h/.omp/natives/18.6.1 yet: the first Workbench OMP extracts it there (the same files your own omp 18.6.1 extracts; OMP has no setting to move this directory).
2026-10-09T02:50:56 backend[2783558] omp home /tmp/cw19-be-ix7ut19h/d/omp-root (agent.db not linked)
2026-10-09T02:50:56 backend[2783558] omp isolation check ok
2026-10-09T02:50:56 backend[2783558] ready: both OMP bridges connected
ok
test_a_broker_that_ends_after_its_omp_is_waited_for_before_verified (test_cw16_fix01_backend.BrokerShutdownTests.test_a_broker_that_ends_after_its_omp_is_waited_for_before_verified) ... 2026-10-09T02:51:06 backend[2783558] startup reconcile: fresh (boot ok); survivors []; run None; outbox not sent 0
2026-10-09T02:51:06 backend[2783558] starting in /tmp/cw19-be-6w9vdavr/d (session 2770642, shell /usr/bin/bash)
2026-10-09T02:51:06 backend[2783558] omp home: OMP Workbench shares only your OMP login and found no usable OMP auth store at /tmp/cw19-be-6w9vdavr/h/.omp/agent/agent.db (missing). Run 'omp' once outside Workbench and sign in with /login, then start Workbench again. No OMP login yet but a provider API key? With no auth store at that path, a provider API key environment variable from 'omp --help' (for example ANTHROPIC_API_KEY or OPENAI_API_KEY) lets Workbench start without the shared login; the key is passed to the Workbench OMPs as before. Workbench never creates this file and never reads its contents.
2026-10-09T02:51:06 backend[2783558] omp home: OMP 18.6.1 has not extracted its native addon into /tmp/cw19-be-6w9vdavr/h/.omp/natives/18.6.1 yet: the first Workbench OMP extracts it there (the same files your own omp 18.6.1 extracts; OMP has no setting to move this directory).
2026-10-09T02:51:06 backend[2783558] omp home /tmp/cw19-be-6w9vdavr/d/omp-root (agent.db not linked)
2026-10-09T02:51:06 backend[2783558] omp isolation check ok
2026-10-09T02:51:06 backend[2783558] ready: both OMP bridges connected
ok
test_a_lingering_broker_is_ended_by_its_exact_identity (test_cw16_fix01_backend.BrokerShutdownTests.test_a_lingering_broker_is_ended_by_its_exact_identity) ... 2026-10-09T02:51:07 backend[2783558] startup reconcile: fresh (boot ok); survivors []; run None; outbox not sent 0
2026-10-09T02:51:07 backend[2783558] starting in /tmp/cw19-be-s8vgwhuj/d (session 2770642, shell /usr/bin/bash)
2026-10-09T02:51:07 backend[2783558] omp home: OMP Workbench shares only your OMP login and found no usable OMP auth store at /tmp/cw19-be-s8vgwhuj/h/.omp/agent/agent.db (missing). Run 'omp' once outside Workbench and sign in with /login, then start Workbench again. No OMP login yet but a provider API key? With no auth store at that path, a provider API key environment variable from 'omp --help' (for example ANTHROPIC_API_KEY or OPENAI_API_KEY) lets Workbench start without the shared login; the key is passed to the Workbench OMPs as before. Workbench never creates this file and never reads its contents.
2026-10-09T02:51:07 backend[2783558] omp home: OMP 18.6.1 has not extracted its native addon into /tmp/cw19-be-s8vgwhuj/h/.omp/natives/18.6.1 yet: the first Workbench OMP extracts it there (the same files your own omp 18.6.1 extracts; OMP has no setting to move this directory).
2026-10-09T02:51:07 backend[2783558] omp home /tmp/cw19-be-s8vgwhuj/d/omp-root (agent.db not linked)
2026-10-09T02:51:07 backend[2783558] omp isolation check ok
2026-10-09T02:51:07 backend[2783558] ready: both OMP bridges connected
ok
test_a_process_that_is_not_the_omps_child_is_never_a_candidate (test_cw16_fix01_backend.BrokerShutdownTests.test_a_process_that_is_not_the_omps_child_is_never_a_candidate) ... 2026-10-09T02:51:12 backend[2783558] startup reconcile: fresh (boot ok); survivors []; run None; outbox not sent 0
2026-10-09T02:51:12 backend[2783558] starting in /tmp/cw19-be-5lc30_rv/d (session 2770642, shell /usr/bin/bash)
2026-10-09T02:51:12 backend[2783558] omp home: OMP Workbench shares only your OMP login and found no usable OMP auth store at /tmp/cw19-be-5lc30_rv/h/.omp/agent/agent.db (missing). Run 'omp' once outside Workbench and sign in with /login, then start Workbench again. No OMP login yet but a provider API key? With no auth store at that path, a provider API key environment variable from 'omp --help' (for example ANTHROPIC_API_KEY or OPENAI_API_KEY) lets Workbench start without the shared login; the key is passed to the Workbench OMPs as before. Workbench never creates this file and never reads its contents.
2026-10-09T02:51:12 backend[2783558] omp home: OMP 18.6.1 has not extracted its native addon into /tmp/cw19-be-5lc30_rv/h/.omp/natives/18.6.1 yet: the first Workbench OMP extracts it there (the same files your own omp 18.6.1 extracts; OMP has no setting to move this directory).
2026-10-09T02:51:12 backend[2783558] omp home /tmp/cw19-be-5lc30_rv/d/omp-root (agent.db not linked)
2026-10-09T02:51:13 backend[2783558] omp isolation check ok
2026-10-09T02:51:13 backend[2783558] ready: both OMP bridges connected
ok
test_a_variable_exported_after_start_is_seen_and_the_start_up_environment_is_not_used (test_cw16_fix01_backend.LiveShellEnvironmentTests.test_a_variable_exported_after_start_is_seen_and_the_start_up_environment_is_not_used) ... 2026-10-09T02:51:13 backend[2783558] startup reconcile: fresh (boot ok); survivors []; run None; outbox not sent 0
2026-10-09T02:51:13 backend[2783558] starting in /tmp/cw19-be-ao7vvb2i/d (session 2770642, shell /usr/bin/bash)
2026-10-09T02:51:13 backend[2783558] omp home: OMP Workbench shares only your OMP login and found no usable OMP auth store at /tmp/cw19-be-ao7vvb2i/h/.omp/agent/agent.db (missing). Run 'omp' once outside Workbench and sign in with /login, then start Workbench again. No OMP login yet but a provider API key? With no auth store at that path, a provider API key environment variable from 'omp --help' (for example ANTHROPIC_API_KEY or OPENAI_API_KEY) lets Workbench start without the shared login; the key is passed to the Workbench OMPs as before. Workbench never creates this file and never reads its contents.
2026-10-09T02:51:13 backend[2783558] omp home: OMP 18.6.1 has not extracted its native addon into /tmp/cw19-be-ao7vvb2i/h/.omp/natives/18.6.1 yet: the first Workbench OMP extracts it there (the same files your own omp 18.6.1 extracts; OMP has no setting to move this directory).
2026-10-09T02:51:13 backend[2783558] omp home /tmp/cw19-be-ao7vvb2i/d/omp-root (agent.db not linked)
2026-10-09T02:51:13 backend[2783558] omp isolation check ok
2026-10-09T02:51:13 backend[2783558] ready: both OMP bridges connected
ok
test_records_past_64_mib_are_read (test_cw19_fix01.LargeJournal.test_records_past_64_mib_are_read) ... ok
test_terminal_entries_are_forgotten_and_an_overlong_line_skipped (test_cw19_fix01.LargeJournal.test_terminal_entries_are_forgotten_and_an_overlong_line_skipped) ... ok
test_the_turn_that_lifts_the_hold_may_call_terminal (test_cw19_fix01.ModelHoldLiftingTurnCallsTerminal.test_the_turn_that_lifts_the_hold_may_call_terminal) ... 2026-10-09T02:51:14 backend[2783558] startup reconcile: fresh (boot ok); survivors []; run None; outbox not sent 0
2026-10-09T02:51:14 backend[2783558] starting in /tmp/cw19-be-pzjl1l4d/d (session 2770642, shell /usr/bin/bash)
2026-10-09T02:51:14 backend[2783558] omp home: OMP Workbench shares only your OMP login and found no usable OMP auth store at /tmp/cw19-be-pzjl1l4d/h/.omp/agent/agent.db (missing). Run 'omp' once outside Workbench and sign in with /login, then start Workbench again. No OMP login yet but a provider API key? With no auth store at that path, a provider API key environment variable from 'omp --help' (for example ANTHROPIC_API_KEY or OPENAI_API_KEY) lets Workbench start without the shared login; the key is passed to the Workbench OMPs as before. Workbench never creates this file and never reads its contents.
2026-10-09T02:51:14 backend[2783558] omp home: OMP 18.6.1 has not extracted its native addon into /tmp/cw19-be-pzjl1l4d/h/.omp/natives/18.6.1 yet: the first Workbench OMP extracts it there (the same files your own omp 18.6.1 extracts; OMP has no setting to move this directory).
2026-10-09T02:51:14 backend[2783558] omp home /tmp/cw19-be-pzjl1l4d/d/omp-root (agent.db not linked)
2026-10-09T02:51:14 backend[2783558] omp isolation check ok
2026-10-09T02:51:14 backend[2783558] ready: both OMP bridges connected
2026-10-09T02:51:14 backend[2783558] model error in the worker OMP (error); its automatic work is held, experiments and observation continue
2026-10-09T02:51:14 backend[2783558] model of worker answered without error; its automatic work is admitted again
ok
test_the_hold_check_applies_events_received_before_it (test_cw19_fix01.ModelHoldSyncUnit.test_the_hold_check_applies_events_received_before_it) ... 2026-10-09T02:51:14 backend[2783558] model error in the worker OMP (error); its automatic work is held, experiments and observation continue
2026-10-09T02:51:14 backend[2783558] model of worker answered without error; its automatic work is admitted again
ok
test_a_failed_pause_store_is_a_fault_and_is_retried (test_cw19_fix01.PauseStoreFault.test_a_failed_pause_store_is_a_fault_and_is_retried) ... ok
test_another_durable_write_does_not_hide_an_unstored_pause (test_cw19_fix01.PauseStoreFault.test_another_durable_write_does_not_hide_an_unstored_pause) ... 2026-10-09T02:51:14 backend[2783558] metadata write failed (automation_pause: OSError); new automatic work is held, running work and logs continue
2026-10-09T02:51:14 backend[2783558] metadata writes work again; automatic work admitted again
ok
test_the_ui_shows_the_store_error (test_cw19_fix01.PauseStoreFault.test_the_ui_shows_the_store_error) ... ok
test_reconcile_failed_is_not_shown_as_a_reboot (test_cw19_fix01.RecoveryTexts.test_reconcile_failed_is_not_shown_as_a_reboot) ... ok
test_the_boot_wait_leads_the_status_line_before_an_isolation_warning (test_cw19_fix01.RecoveryTexts.test_the_boot_wait_leads_the_status_line_before_an_isolation_warning) ... ok
test_the_to_worker_skill_names_the_new_held_reasons (test_cw19_fix01.RecoveryTexts.test_the_to_worker_skill_names_the_new_held_reasons) ... ok
test_a_task_cancelled_before_the_send_gets_no_notice (test_cw19_fix01.RestartNoticeBuiltWhenSent.test_a_task_cancelled_before_the_send_gets_no_notice) ... ok
test_the_backend_builder_follows_the_task (test_cw19_fix01.RestartNoticeBuiltWhenSent.test_the_backend_builder_follows_the_task) ... 2026-10-09T02:51:14 backend[2783558] backend_restarted notice queued for the manager (Task t1)
2026-10-09T02:51:14 backend[2783558] backend_restarted notice dropped: Task t1 is no longer open
2026-10-09T02:51:14 backend[2783558] backend_restarted notice dropped: Task t1 is no longer open
ok
test_the_content_is_the_state_at_the_send (test_cw19_fix01.RestartNoticeBuiltWhenSent.test_the_content_is_the_state_at_the_send) ... ok
test_a_worker_message_that_ended_unsent_is_listed_not_hidden (test_cw19_fix01.StatusListsUnsentWorkerMessages.test_a_worker_message_that_ended_unsent_is_listed_not_hidden) ... ok
test_a_live_one_stays_listed_and_can_be_retried_exactly (test_cw19_fix01.UnconfirmedSurvivor.test_a_live_one_stays_listed_and_can_be_retried_exactly) ... ok
test_a_retry_needs_the_same_boot (test_cw19_fix01.UnconfirmedSurvivor.test_a_retry_needs_the_same_boot) ... ok
test_a_retry_never_signals_a_recycled_pid (test_cw19_fix01.UnconfirmedSurvivor.test_a_retry_never_signals_a_recycled_pid) ... ok
test_an_ended_identity_leaves_the_list (test_cw19_fix01.UnconfirmedSurvivor.test_an_ended_identity_leaves_the_list) ... ok
test_a_backend_message_without_keep_is_still_dropped_under_a_hold (test_cw19_fix01.WorkerToManagerWaits.test_a_backend_message_without_keep_is_still_dropped_under_a_hold) ... ok
test_a_pause_still_drops_it_and_it_is_listed (test_cw19_fix01.WorkerToManagerWaits.test_a_pause_still_drops_it_and_it_is_listed)
C-D65 pause semantics are unchanged (independent p27w test): the drop is shown, not hidden. ... ok
test_a_worker_answer_waits_out_a_manager_model_hold_and_is_delivered_once (test_cw19_fix01.WorkerToManagerWaits.test_a_worker_answer_waits_out_a_manager_model_hold_and_is_delivered_once) ... ok
test_boot_and_metadata_holds_keep_it_too (test_cw19_fix01.WorkerToManagerWaits.test_boot_and_metadata_holds_keep_it_too) ... ok
test_a_pause_during_a_resume_retry_is_the_value_on_disk (test_cw19_fix02.PauseRetryNeverWritesAStaleValue.test_a_pause_during_a_resume_retry_is_the_value_on_disk) ... ok
test_a_retry_with_nothing_due_writes_nothing (test_cw19_fix02.PauseRetryNeverWritesAStaleValue.test_a_retry_with_nothing_due_writes_nothing) ... ok
test_the_manager_result_is_truthful_too (test_cw19_fix02.QueuedTextIsTruthful.test_the_manager_result_is_truthful_too) ... ok
test_the_to_manager_skill_matches (test_cw19_fix02.QueuedTextIsTruthful.test_the_to_manager_skill_matches) ... ok
test_the_worker_result_says_a_pause_or_rejection_leaves_it_unsent (test_cw19_fix02.QueuedTextIsTruthful.test_the_worker_result_says_a_pause_or_rejection_leaves_it_unsent) ... ok
test_a_mixed_retry_stops_the_pinned_one_and_keeps_the_other (test_cw19_fix02.UnpinnableIdentityIsUnknown.test_a_mixed_retry_stops_the_pinned_one_and_keeps_the_other) ... ok
test_an_ended_identity_still_ends_the_stop (test_cw19_fix02.UnpinnableIdentityIsUnknown.test_an_ended_identity_still_ends_the_stop) ... ok
test_an_identity_that_cannot_be_pinned_stays_listed (test_cw19_fix02.UnpinnableIdentityIsUnknown.test_an_identity_that_cannot_be_pinned_stays_listed) ... ok
test_reader_survives_a_string_envelope (test_fake_omp_fixture.FakeOmpReaderTests.test_reader_survives_a_string_envelope) ... ok
test_refusals (test_faults_holds.ConfirmBootCliTests.test_refusals) ... ok
test_shows_the_conditions_and_needs_explicit_confirmation (test_faults_holds.ConfirmBootCliTests.test_shows_the_conditions_and_needs_explicit_confirmation) ... ok
test_the_hold_holds_the_review_tick (test_faults_holds.DurablePauseTests.test_the_hold_holds_the_review_tick) ... ok
test_the_pause_survives_a_restart_until_a_reconciled_resume (test_faults_holds.DurablePauseTests.test_the_pause_survives_a_restart_until_a_reconciled_resume) ... ok
test_a_kept_message_waits_and_a_plain_one_is_held_never_sent (test_faults_holds.OutboxHoldTests.test_a_kept_message_waits_and_a_plain_one_is_held_never_sent) ... ok
test_journal_failure_is_reported_as_metadata (test_faults_holds.OutboxHoldTests.test_journal_failure_is_reported_as_metadata) ... ok
test_an_empty_store_log_reads_as_empty (test_faults_holds.RawLogStoreRunTests.test_an_empty_store_log_reads_as_empty) ... ok
test_plain_file_failure_never_raises (test_faults_holds.RawLogStoreRunTests.test_plain_file_failure_never_raises) ... ok
test_project_cap (test_faults_holds.RawLogStoreRunTests.test_project_cap) ... ok
test_run_cap_is_recorded_and_collection_continues (test_faults_holds.RawLogStoreRunTests.test_run_cap_is_recorded_and_collection_continues) ... ok
test_store_failure_marks_missing_bytes_and_never_raises (test_faults_holds.RawLogStoreRunTests.test_store_failure_marks_missing_bytes_and_never_raises) ... ok
test_pause_survives_a_new_controller (test_faults_independent_p27cw19.DurablePause.test_pause_survives_a_new_controller) ... ok
test_pause_that_cannot_be_stored_is_shown (test_faults_independent_p27cw19.DurablePause.test_pause_that_cannot_be_stored_is_shown)
A pause the backend could not make durable would be lost by a crash; the user must see that. ... ok
test_unreadable_pause_file_pauses (test_faults_independent_p27cw19.DurablePause.test_unreadable_pause_file_pauses) ... ok
test_handoff_journal_failure_holds_and_reports (test_faults_independent_p27cw19.MetadataFailSoft.test_handoff_journal_failure_holds_and_reports) ... ok
test_metadata_event_success_clears_every_source (test_faults_independent_p27cw19.MetadataFailSoft.test_metadata_event_success_clears_every_source) ... 2026-10-09T02:51:17 backend[2783558] metadata write failed (task_metadata: OSError); new automatic work is held, running work and logs continue
2026-10-09T02:51:17 backend[2783558] metadata write failed (flow_ledger: OSError); new automatic work is held, running work and logs continue
2026-10-09T02:51:17 backend[2783558] metadata writes work again; automatic work admitted again
ok
test_record_write_failure_latches_the_hold_and_a_later_write_reopens (test_faults_independent_p27cw19.MetadataFailSoft.test_record_write_failure_latches_the_hold_and_a_later_write_reopens) ... 2026-10-09T02:51:17 backend[2783558] metadata write failed (backend_record: PermissionError); new automatic work is held, running work and logs continue
2026-10-09T02:51:17 backend[2783558] metadata writes work again; automatic work admitted again
ok
test_aborted_or_malformed_events_neither_hold_nor_lift (test_faults_independent_p27cw19.ModelHold.test_aborted_or_malformed_events_neither_hold_nor_lift) ... 2026-10-09T02:51:17 backend[2783558] model error in the worker OMP (error); its automatic work is held, experiments and observation continue
ok
test_bridge_failure_while_polling_changes_nothing (test_faults_independent_p27cw19.ModelHold.test_bridge_failure_while_polling_changes_nothing) ... ok
test_error_holds_only_that_role_and_next_ok_lifts (test_faults_independent_p27cw19.ModelHold.test_error_holds_only_that_role_and_next_ok_lifts) ... 2026-10-09T02:51:17 backend[2783558] model error in the worker OMP (error); its automatic work is held, experiments and observation continue
2026-10-09T02:51:17 backend[2783558] model of worker answered without error; its automatic work is admitted again
ok
test_error_then_ok_in_one_poll_ends_lifted_and_events_are_read_once (test_faults_independent_p27cw19.ModelHold.test_error_then_ok_in_one_poll_ends_lifted_and_events_are_read_once) ... 2026-10-09T02:51:17 backend[2783558] model error in the manager OMP (error); its automatic work is held, experiments and observation continue
2026-10-09T02:51:17 backend[2783558] model of manager answered without error; its automatic work is admitted again
2026-10-09T02:51:17 backend[2783558] model error in the manager OMP (error_message); its automatic work is held, experiments and observation continue
ok
test_backend_defaults_are_64_and_512_mib (test_faults_independent_p27cw19.RawLogCaps.test_backend_defaults_are_64_and_512_mib) ... ok
test_backend_raw_log_view_texts (test_faults_independent_p27cw19.RawLogCaps.test_backend_raw_log_view_texts) ... ok
test_project_cap_is_reported_as_project (test_faults_independent_p27cw19.RawLogCaps.test_project_cap_is_reported_as_project) ... ok
test_run_cap_64_mib_drain_never_raises (test_faults_independent_p27cw19.RawLogCaps.test_run_cap_64_mib_drain_never_raises) ... ok
test_store_failure_records_missing_bytes_and_continues (test_faults_independent_p27cw19.RawLogCaps.test_store_failure_records_missing_bytes_and_continues) ... ok
test_sigkill_restart_reconcile_then_a_changed_boot (test_live_restart_entrypoint.LiveRestartEntrypointTests.test_sigkill_restart_reconcile_then_a_changed_boot) ... ok
test_cli_human_form_shows_progress_and_the_verified_result (test_live_shutdown_slow_turn.LiveShutdownSlowTurnTests.test_cli_human_form_shows_progress_and_the_verified_result) ... ok
test_cli_json_form_ends_with_the_result (test_live_shutdown_slow_turn.LiveShutdownSlowTurnTests.test_cli_json_form_ends_with_the_result) ... ok
test_confirm_answered_at_once_and_both_omps_signalled_together (test_live_shutdown_slow_turn.LiveShutdownSlowTurnTests.test_confirm_answered_at_once_and_both_omps_signalled_together) ... ok
test_reason_for_roles (test_reconcile_independent_p27cw19.AdmissionHoldOrder.test_reason_for_roles) ... ok
test_boot_record_write_failure_is_reported_not_raised (test_reconcile_independent_p27cw19.BootStoreDurability.test_boot_record_write_failure_is_reported_not_raised) ... ok
test_confirm_refused_when_the_marker_changed_since_start (test_reconcile_independent_p27cw19.BootStoreDurability.test_confirm_refused_when_the_marker_changed_since_start) ... ok
test_confirm_requires_the_current_boot_and_is_durable_before_the_hold_lifts (test_reconcile_independent_p27cw19.BootStoreDurability.test_confirm_requires_the_current_boot_and_is_durable_before_the_hold_lifts) ... ok
test_confirm_that_cannot_be_written_keeps_the_hold (test_reconcile_independent_p27cw19.BootStoreDurability.test_confirm_that_cannot_be_written_keeps_the_hold) ... ok
test_corrupt_unsafe_or_foreign_boot_record_fails_closed (test_reconcile_independent_p27cw19.BootStoreDurability.test_corrupt_unsafe_or_foreign_boot_record_fails_closed) ... ok
test_fresh_data_dir_needs_no_confirmation (test_reconcile_independent_p27cw19.BootStoreDurability.test_fresh_data_dir_needs_no_confirmation) ... ok
test_reboot_pending_survives_a_crash_before_confirm_and_a_same_boot_restart (test_reconcile_independent_p27cw19.BootStoreDurability.test_reboot_pending_survives_a_crash_before_confirm_and_a_same_boot_restart) ... ok
test_unreadable_marker_fails_closed (test_reconcile_independent_p27cw19.BootStoreDurability.test_unreadable_marker_fails_closed) ... ok
test_matrix (test_reconcile_independent_p27cw19.ClassifyMatrix.test_matrix) ... ok
test_read_boot_id_unreadable_or_oversized_is_none (test_reconcile_independent_p27cw19.ClassifyMatrix.test_read_boot_id_unreadable_or_oversized_is_none) ... ok
test_shutdown_verified_must_be_exactly_true (test_reconcile_independent_p27cw19.ClassifyMatrix.test_shutdown_verified_must_be_exactly_true) ... ok
test_listing (test_reconcile_independent_p27cw19.OutboxNoReplay.test_listing) ... ok
test_reconcile_reports_counts_and_resends_nothing (test_reconcile_independent_p27cw19.OutboxNoReplay.test_reconcile_reports_counts_and_resends_nothing) ... ok
test_unreadable_or_symlinked_journal_lists_nothing_and_does_not_raise (test_reconcile_independent_p27cw19.OutboxNoReplay.test_unreadable_or_symlinked_journal_lists_nothing_and_does_not_raise) ... ok
test_carried_survivor_from_an_older_boot_is_not_probed (test_reconcile_independent_p27cw19.ReconcileBootBeforeProc.test_carried_survivor_from_an_older_boot_is_not_probed) ... ok
test_old_boot_refs_are_not_probed_even_when_pid_and_ticks_match_a_live_process (test_reconcile_independent_p27cw19.ReconcileBootBeforeProc.test_old_boot_refs_are_not_probed_even_when_pid_and_ticks_match_a_live_process) ... ok
test_previous_record_without_boot_id_never_probes (test_reconcile_independent_p27cw19.ReconcileBootBeforeProc.test_previous_record_without_boot_id_never_probes) ... ok
test_unknown_marker_never_probes (test_reconcile_independent_p27cw19.ReconcileBootBeforeProc.test_unknown_marker_never_probes) ... ok
test_invalid_refs_are_unrecorded (test_reconcile_independent_p27cw19.ReconcileSameBootIdentity.test_invalid_refs_are_unrecorded) ... ok
test_live_exact_identity_is_a_stoppable_survivor_and_is_not_signalled (test_reconcile_independent_p27cw19.ReconcileSameBootIdentity.test_live_exact_identity_is_a_stoppable_survivor_and_is_not_signalled) ... ok
test_process_of_another_user_is_never_a_survivor (test_reconcile_independent_p27cw19.ReconcileSameBootIdentity.test_process_of_another_user_is_never_a_survivor) ... ok
test_recycled_pid_with_other_start_ticks_is_ended_not_a_survivor (test_reconcile_independent_p27cw19.ReconcileSameBootIdentity.test_recycled_pid_with_other_start_ticks_is_ended_not_a_survivor) ... ok
test_session_members_are_stoppable_only_while_the_recorded_leader_lives (test_reconcile_independent_p27cw19.ReconcileSameBootIdentity.test_session_members_are_stoppable_only_while_the_recorded_leader_lives) ... ok
test_session_members_of_a_dead_leader_are_display_only (test_reconcile_independent_p27cw19.ReconcileSameBootIdentity.test_session_members_of_a_dead_leader_are_display_only) ... ok
test_startup_report_written_private_and_previous_record_kept (test_reconcile_independent_p27cw19.ReconcileSameBootIdentity.test_startup_report_written_private_and_previous_record_kept) ... ok
test_a_reconcile_exception_fails_closed (test_reconcile_independent_p27cw19.StartupOrdering.test_a_reconcile_exception_fails_closed) ... 2026-10-09T02:51:43 backend[2783558] startup reconcile failed (RuntimeError: boom); automatic work held until confirm-boot
2026-10-09T02:51:43 backend[2783558] metadata write failed (boot_record: OSError); new automatic work is held, running work and logs continue
2026-10-09T02:51:43 backend[2783558] startup reconcile: boot_unknown (boot confirmation required: reconcile_failed); survivors []; run None; outbox not sent 0
ok
test_backend_run_reconciles_before_open_and_before_the_record_is_overwritten (test_reconcile_independent_p27cw19.StartupOrdering.test_backend_run_reconciles_before_open_and_before_the_record_is_overwritten) ... 2026-10-09T02:51:43 backend[2783558] startup reconcile: same_boot_crash (boot ok); survivors []; run None; outbox not sent 0
2026-10-09T02:51:43 backend[2783558] backend failure:
Traceback (most recent call last):
  File "/home/dwchoo/ai-exp-assistant/src/workbench/backend/service.py", line 238, in run
    self._open()
  File "/home/dwchoo/ai-exp-assistant/tests/recovery_boot/test_reconcile_independent_p27cw19.py", line 589, in open_
    raise RuntimeError("stop here")
RuntimeError: stop here

2026-10-09T02:51:43 backend[2783558] stopped: {'verified': True}
ok
test_a_reused_pid_is_never_signalled (test_recovery_port.ExactSignalTests.test_a_reused_pid_is_never_signalled) ... ok
test_sequence_is_monotonic_and_follows_the_record (test_recovery_port.ObservationTests.test_sequence_is_monotonic_and_follows_the_record) ... ok
test_concurrent_reservations_one_wins (test_recovery_port.RecoveryPortTests.test_concurrent_reservations_one_wins) ... ok
test_facts_from_the_metadata_and_the_live_run (test_recovery_port.RecoveryPortTests.test_facts_from_the_metadata_and_the_live_run) ... ok
test_identity_mismatch_and_gaps_fail_closed (test_recovery_port.RecoveryPortTests.test_identity_mismatch_and_gaps_fail_closed) ... ok
test_reservation_is_an_atomic_task_wide_cas (test_recovery_port.RecoveryPortTests.test_reservation_is_an_atomic_task_wide_cas) ... ok
test_revoked_authority_asks_for_the_stop_once (test_recovery_port.RecoveryPortTests.test_revoked_authority_asks_for_the_stop_once) ... ok
test_stop_is_planned_only_with_current_facts (test_recovery_port.RecoveryPortTests.test_stop_is_planned_only_with_current_facts) ... ok
test_a_gone_survivor_is_reported_as_ended (test_survivor_stop.SurvivorStopTests.test_a_gone_survivor_is_reported_as_ended) ... ok
test_a_member_needs_its_live_leader (test_survivor_stop.SurvivorStopTests.test_a_member_needs_its_live_leader) ... ok
test_a_session_leader_takes_its_session_members (test_survivor_stop.SurvivorStopTests.test_a_session_leader_takes_its_session_members) ... ok
test_refusals_signal_nothing (test_survivor_stop.SurvivorStopTests.test_refusals_signal_nothing) ... ok
test_term_then_kill_of_a_term_ignoring_process_is_recorded (test_survivor_stop.SurvivorStopTests.test_term_then_kill_of_a_term_ignoring_process_is_recorded) ... ok
test_confirm_boot_lifts_only_the_boot_hold_and_is_refused_when_not_pending (test_survivors_holds_independent_p27cw19.HoldMatrix.test_confirm_boot_lifts_only_the_boot_hold_and_is_refused_when_not_pending) ... 2026-10-09T02:51:45 backend[2783558] startup reconcile: boot_unknown (boot confirmation required: reboot); survivors []; run None; outbox not sent 0
2026-10-09T02:51:45 backend[2783558] boot bbbbbbbb-0000-4000-8000-0000000c0019 confirmed by the user; Workbench automatic work is admitted again
ok
test_hold_callable_that_raises_holds (test_survivors_holds_independent_p27cw19.HoldMatrix.test_hold_callable_that_raises_holds) ... ok
test_manager_model_hold_does_not_hold_to_worker (test_survivors_holds_independent_p27cw19.HoldMatrix.test_manager_model_hold_does_not_hold_to_worker) ... ok
test_notice_is_held_without_touching_the_bridge (test_survivors_holds_independent_p27cw19.HoldMatrix.test_notice_is_held_without_touching_the_bridge) ... ok
test_paused_notice_is_held (test_survivors_holds_independent_p27cw19.HoldMatrix.test_paused_notice_is_held) ... ok
test_terminal_tool_held (test_survivors_holds_independent_p27cw19.HoldMatrix.test_terminal_tool_held) ... ok
test_to_worker_held_cancel_allowed (test_survivors_holds_independent_p27cw19.HoldMatrix.test_to_worker_held_cancel_allowed) ... ok
test_fresh_start_or_no_open_task_sends_nothing (test_survivors_holds_independent_p27cw19.RestartNotice.test_fresh_start_or_no_open_task_sends_nothing) ... ok
test_open_task_queues_exactly_one_notice_with_survivors (test_survivors_holds_independent_p27cw19.RestartNotice.test_open_task_queues_exactly_one_notice_with_survivors) ... 2026-10-09T02:51:45 backend[2783558] backend_restarted notice queued for the manager (Task ef865961-c4a1-451c-a327-1aac01d4f619)
2026-10-09T02:51:45 backend[2783558] backend_restarted notice queued for the manager (Task ef865961-c4a1-451c-a327-1aac01d4f619)
2026-10-09T02:51:45 backend[2783558] backend_restarted notice queued for the manager (Task ef865961-c4a1-451c-a327-1aac01d4f619)
ok
test_queued_notice_waits_while_held_and_is_sent_once (test_survivors_holds_independent_p27cw19.RestartNotice.test_queued_notice_waits_while_held_and_is_sent_once) ... ok
test_argument_validation (test_survivors_holds_independent_p27cw19.StopSurvivorTool.test_argument_validation) ... ok
test_environment_value_in_reason_is_rejected_and_not_journaled (test_survivors_holds_independent_p27cw19.StopSurvivorTool.test_environment_value_in_reason_is_rejected_and_not_journaled) ... ok
test_refused_while_shutting_down (test_survivors_holds_independent_p27cw19.StopSurvivorTool.test_refused_while_shutting_down) ... ok
test_status_lists_survivors_for_the_manager (test_survivors_holds_independent_p27cw19.StopSurvivorTool.test_status_lists_survivors_for_the_manager) ... ok
test_stop_is_recorded_once_per_call_key (test_survivors_holds_independent_p27cw19.StopSurvivorTool.test_stop_is_recorded_once_per_call_key) ... 2026-10-09T02:51:45 backend[2783558] stop_survivor s1 (host_shell pid 2784821) requested by the manager: stopped (ended)
ok
test_worker_cannot_call_it (test_survivors_holds_independent_p27cw19.StopSurvivorTool.test_worker_cannot_call_it) ... ok
test_boot_source_that_raises_is_refused (test_survivors_holds_independent_p27cw19.SurvivorStop.test_boot_source_that_raises_is_refused) ... ok
test_changed_or_unknown_boot_is_refused (test_survivors_holds_independent_p27cw19.SurvivorStop.test_changed_or_unknown_boot_is_refused) ... ok
test_concurrent_stops_of_one_survivor_signal_once (test_survivors_holds_independent_p27cw19.SurvivorStop.test_concurrent_stops_of_one_survivor_signal_once) ... ok
test_display_only_entry_is_never_signalled (test_survivors_holds_independent_p27cw19.SurvivorStop.test_display_only_entry_is_never_signalled) ... ok
test_member_whose_leader_identity_changed_is_refused (test_survivors_holds_independent_p27cw19.SurvivorStop.test_member_whose_leader_identity_changed_is_refused) ... ok
test_recycled_pid_is_never_signalled (test_survivors_holds_independent_p27cw19.SurvivorStop.test_recycled_pid_is_never_signalled) ... ok
test_session_leader_is_stopped_with_its_members (test_survivors_holds_independent_p27cw19.SurvivorStop.test_session_leader_is_stopped_with_its_members) ... ok
test_stop_term_then_recorded_and_not_repeated (test_survivors_holds_independent_p27cw19.SurvivorStop.test_stop_term_then_recorded_and_not_repeated) ... ok
test_stop_unconfirmed_survivor_that_ends_later_is_not_left_running (test_survivors_holds_independent_p27cw19.SurvivorStop.test_stop_unconfirmed_survivor_that_ends_later_is_not_left_running)
A survivor whose KILL was not yet observed must not stay 'left running' once it has ended. ... ok
test_term_ignoring_survivor_is_killed_after_the_grace (test_survivors_holds_independent_p27cw19.SurvivorStop.test_term_ignoring_survivor_is_killed_after_the_grace) ... ok
test_unknown_id_is_refused (test_survivors_holds_independent_p27cw19.SurvivorStop.test_unknown_id_is_refused) ... ok

----------------------------------------------------------------------
Ran 184 tests in 71.572s

OK
== suite tests/recovery_boot rc=0 2026-10-09T02:51:46+09:00
== suite tests/integration start 2026-10-09T02:51:46+09:00
setUpClass (test_cw16_final_evidence_validators.FinalRecordsTests) ... skipped 'WB_CW16_FINAL_REQUEST not set; final records not supplied (not a pass)'
test_aggregate_battery_catches_permissive_or_wrong_validator (test_cw16_final_evidence_validators.SelfCheckTests.test_aggregate_battery_catches_permissive_or_wrong_validator) ... ok
test_aggregate_genuine_and_mutations (test_cw16_final_evidence_validators.SelfCheckTests.test_aggregate_genuine_and_mutations) ... ok
test_gate_battery_catches_permissive_or_wrong_gate (test_cw16_final_evidence_validators.SelfCheckTests.test_gate_battery_catches_permissive_or_wrong_gate) ... ok
test_gate_genuine_and_mutations (test_cw16_final_evidence_validators.SelfCheckTests.test_gate_genuine_and_mutations) ... ok
test_load_request_rejects_malformed_and_accepts_complete (test_cw16_final_evidence_validators.SelfCheckTests.test_load_request_rejects_malformed_and_accepts_complete) ... ok
test_pinned_p26_stale_issue_kinds_match_gate (test_cw16_final_evidence_validators.SelfCheckTests.test_pinned_p26_stale_issue_kinds_match_gate) ... ok
test_records_from_checks_requires_unique_source (test_cw16_final_evidence_validators.SelfCheckTests.test_records_from_checks_requires_unique_source) ... ok
test_clean_env_never_inherits_outer_context (test_cw16_harness.HelperTests.test_clean_env_never_inherits_outer_context) ... ok
test_kill_exact_refuses_a_wrong_start_time (test_cw16_harness.HelperTests.test_kill_exact_refuses_a_wrong_start_time) ... ok
test_shutdown_result (test_cw16_harness.HelperTests.test_shutdown_result) ... ok
test_step_runner_statuses_and_prerequisites (test_cw16_harness.HelperTests.test_step_runner_statuses_and_prerequisites) ... ok
test_http_error_turn (test_cw16_harness.ScriptedProviderTests.test_http_error_turn) ... ok
test_models_yml_names_the_local_port_only (test_cw16_harness.ScriptedProviderTests.test_models_yml_names_the_local_port_only) ... ok
test_rules_roles_counts_and_default (test_cw16_harness.ScriptedProviderTests.test_rules_roles_counts_and_default) ... ok
test_script_errors_answer_instead_of_hanging (test_cw16_harness.ScriptedProviderTests.test_script_errors_answer_instead_of_hanging) ... ok
test_streamed_turn_and_client_abort_is_recorded (test_cw16_harness.ScriptedProviderTests.test_streamed_turn_and_client_abort_is_recorded) ... ok
test_tool_calls_and_tool_results_and_injected_messages (test_cw16_harness.ScriptedProviderTests.test_tool_calls_and_tool_results_and_injected_messages) ... ok
test_actual_bash_and_dash_canonical_matrix (test_cw16_runtime_matrix.Cw16RuntimeMatrixTests.test_actual_bash_and_dash_canonical_matrix) ... ok
test_output_capture_has_a_hard_file_and_memory_bound (test_cw16_runtime_matrix.Cw16RuntimeMatrixTests.test_output_capture_has_a_hard_file_and_memory_bound) ... ok
test_product_path_outer_matrix (test_cw16_runtime_matrix.Cw16RuntimeMatrixTests.test_product_path_outer_matrix) ... skipped 'product-path outer matrix (~25 min, scripted provider): set WB_LIVE_CW16=1'
test_runtime_versions_are_recorded_not_pinned (test_cw16_runtime_matrix.Cw16RuntimeMatrixTests.test_runtime_versions_are_recorded_not_pinned) ... 
[cw16-versions] {"bash": "GNU bash, version 5.2.21(1)-release (x86_64-pc-linux-gnu)", "dash": "dash 0.5.12-6ubuntu5", "herdr": "herdr 0.9.3", "kernel": "7.0.0-30-generic", "omp": "omp/18.8.0", "omp_path": "/home/dwchoo/.local/bin/omp", "os": "Ubuntu 24.04.4 LTS", "python": "3.12.3", "sh": "/usr/bin/dash", "tmux": "tmux 3.4"}
ok
test_shell_selection_ignores_login_shell_and_fails_with_guidance (test_cw16_runtime_matrix.Cw16RuntimeMatrixTests.test_shell_selection_ignores_login_shell_and_fails_with_guidance) ... ok
test_timeout_is_bounded_when_pipe_holder_drops_owner_token (test_cw16_runtime_matrix.Cw16RuntimeMatrixTests.test_timeout_is_bounded_when_pipe_holder_drops_owner_token) ... ok
test_timeout_kills_detached_owned_descendants (test_cw16_runtime_matrix.Cw16RuntimeMatrixTests.test_timeout_kills_detached_owned_descendants) ... ok

----------------------------------------------------------------------
Ran 24 tests in 10.098s

OK (skipped=2)
== suite tests/integration rc=0 2026-10-09T02:51:56+09:00
== suite tests/lifecycle start 2026-10-09T02:51:56+09:00
test_command_send_finishes_before_concurrent_shutdown_close (test_lifecycle_runtime.LifecycleRuntimeTests.test_command_send_finishes_before_concurrent_shutdown_close) ... ok
test_duplicate_takeover_does_not_poison_valid_handoff_reopen (test_lifecycle_runtime.LifecycleRuntimeTests.test_duplicate_takeover_does_not_poison_valid_handoff_reopen) ... ok
test_duplicate_takeovers_attribute_newest_generation_without_replay (test_lifecycle_runtime.LifecycleRuntimeTests.test_duplicate_takeovers_attribute_newest_generation_without_replay) ... ok
test_ended_run_cannot_fence_or_deliver_command_with_live_peers (test_lifecycle_runtime.LifecycleRuntimeTests.test_ended_run_cannot_fence_or_deliver_command_with_live_peers) ... ok
test_exact_process_incarnation_and_journal_cas (test_lifecycle_runtime.LifecycleRuntimeTests.test_exact_process_incarnation_and_journal_cas) ... ok
test_incomplete_shutdown_reobserves_without_duplicate_stop (test_lifecycle_runtime.LifecycleRuntimeTests.test_incomplete_shutdown_reobserves_without_duplicate_stop) ... ok
test_metadata_failure_holds_periodic_review_until_explicit_success (test_lifecycle_runtime.LifecycleRuntimeTests.test_metadata_failure_holds_periodic_review_until_explicit_success) ... ok
test_new_intent_after_handoff_reopen_stays_fenced_until_own_handoff (test_lifecycle_runtime.LifecycleRuntimeTests.test_new_intent_after_handoff_reopen_stays_fenced_until_own_handoff) ... ok
test_new_intent_before_handoff_reopen_stays_fenced_until_own_handoff (test_lifecycle_runtime.LifecycleRuntimeTests.test_new_intent_before_handoff_reopen_stays_fenced_until_own_handoff) ... ok
test_new_takeover_intent_survives_older_handoff_reopen (test_lifecycle_runtime.LifecycleRuntimeTests.test_new_takeover_intent_survives_older_handoff_reopen) ... ok
test_p_c_ac_15_detach_keeps_processes_drain_and_active_review (test_lifecycle_runtime.LifecycleRuntimeTests.test_p_c_ac_15_detach_keeps_processes_drain_and_active_review) ... ok
test_p_c_ac_16_restart_reconciles_alive_dead_unknown_and_never_replays (test_lifecycle_runtime.LifecycleRuntimeTests.test_p_c_ac_16_restart_reconciles_alive_dead_unknown_and_never_replays) ... ok
test_p_c_ac_17_model_error_holds_decisions_not_run_or_raw_observation (test_lifecycle_runtime.LifecycleRuntimeTests.test_p_c_ac_17_model_error_holds_decisions_not_run_or_raw_observation) ... ok
test_p_c_ac_18_takeover_state_survives_detach_and_stale_handoff_blocks (test_lifecycle_runtime.LifecycleRuntimeTests.test_p_c_ac_18_takeover_state_survives_detach_and_stale_handoff_blocks) ... ok
test_p_c_ac_22_shutdown_requires_confirmation_and_full_termination (test_lifecycle_runtime.LifecycleRuntimeTests.test_p_c_ac_22_shutdown_requires_confirmation_and_full_termination) ... ok
test_p_c_ac_22_survivor_is_reported_without_force (test_lifecycle_runtime.LifecycleRuntimeTests.test_p_c_ac_22_survivor_is_reported_without_force) ... ok
test_p_c_ac_23_boot_change_and_metadata_latch_need_explicit_confirmation (test_lifecycle_runtime.LifecycleRuntimeTests.test_p_c_ac_23_boot_change_and_metadata_latch_need_explicit_confirmation) ... ok
test_recreated_coordinator_holds_unknown_command_and_control_drift (test_lifecycle_runtime.LifecycleRuntimeTests.test_recreated_coordinator_holds_unknown_command_and_control_drift) ... ok
test_recreated_coordinator_rejects_process_session_and_epoch_drift (test_lifecycle_runtime.LifecycleRuntimeTests.test_recreated_coordinator_rejects_process_session_and_epoch_drift) ... ok
test_reentrant_admission_and_failed_external_callback_release_lock (test_lifecycle_runtime.LifecycleRuntimeTests.test_reentrant_admission_and_failed_external_callback_release_lock) ... ok
test_reentrant_post_close_journal_failure_releases_lock_without_replay (test_lifecycle_runtime.LifecycleRuntimeTests.test_reentrant_post_close_journal_failure_releases_lock_without_replay) ... ok
test_repeated_confirmed_shutdown_has_no_new_stop_actions (test_lifecycle_runtime.LifecycleRuntimeTests.test_repeated_confirmed_shutdown_has_no_new_stop_actions) ... ok
test_review_finishes_before_takeover_fence_then_later_ticks_hold (test_lifecycle_runtime.LifecycleRuntimeTests.test_review_finishes_before_takeover_fence_then_later_ticks_hold) ... ok
test_review_tick_finishes_before_concurrent_shutdown_close (test_lifecycle_runtime.LifecycleRuntimeTests.test_review_tick_finishes_before_concurrent_shutdown_close) ... ok
test_same_coordinator_handoff_reopens_only_after_durable_success (test_lifecycle_runtime.LifecycleRuntimeTests.test_same_coordinator_handoff_reopens_only_after_durable_success) ... ok
test_shutdown_close_precedes_blocked_command_and_review (test_lifecycle_runtime.LifecycleRuntimeTests.test_shutdown_close_precedes_blocked_command_and_review) ... ok
test_shutdown_polling_waits_through_changing_wrong_identities (test_lifecycle_runtime.LifecycleRuntimeTests.test_shutdown_polling_waits_through_changing_wrong_identities) ... ok
test_shutdown_requires_exact_current_run_identity_even_with_no_survivors (test_lifecycle_runtime.LifecycleRuntimeTests.test_shutdown_requires_exact_current_run_identity_even_with_no_survivors) ... ok
test_takeover_external_failure_keeps_durable_fence_and_unknown_command (test_lifecycle_runtime.LifecycleRuntimeTests.test_takeover_external_failure_keeps_durable_fence_and_unknown_command) ... ok
test_takeover_fence_precedes_blocked_review_with_zero_actions (test_lifecycle_runtime.LifecycleRuntimeTests.test_takeover_fence_precedes_blocked_review_with_zero_actions) ... ok
test_takeover_preserves_delivered_command_without_replay (test_lifecycle_runtime.LifecycleRuntimeTests.test_takeover_preserves_delivered_command_without_replay) ... ok
test_takeover_requires_fresh_manager_owner_and_processes_before_fence (test_lifecycle_runtime.LifecycleRuntimeTests.test_takeover_requires_fresh_manager_owner_and_processes_before_fence) ... ok
test_unbound_command_port_never_submits_and_preserves_unknown (test_lifecycle_runtime.LifecycleRuntimeTests.test_unbound_command_port_never_submits_and_preserves_unknown) ... ok
test_unknown_inflight_command_does_not_block_or_replay_takeover (test_lifecycle_runtime.LifecycleRuntimeTests.test_unknown_inflight_command_does_not_block_or_replay_takeover) ... ok
test_clean_git_baseline_allows_bound_positive_delivery_exactly_once (test_production_binding.ProductionBindingTests.test_clean_git_baseline_allows_bound_positive_delivery_exactly_once) ... /usr/lib/python3.12/pty.py:95: DeprecationWarning: This process (pid=2785209) is multi-threaded, use of forkpty() may lead to deadlocks in the child.
  pid, fd = os.forkpty()
ok
test_g3_final_claim_orders_takeover_against_socket_submission (test_production_binding.ProductionBindingTests.test_g3_final_claim_orders_takeover_against_socket_submission) ... ok
test_real_g3_peers_mailbox_and_persistent_shell_bind_fail_closed (test_production_binding.ProductionBindingTests.test_real_g3_peers_mailbox_and_persistent_shell_bind_fail_closed) ... /usr/lib/python3.12/pty.py:95: DeprecationWarning: This process (pid=2785209) is multi-threaded, use of forkpty() may lead to deadlocks in the child.
  pid, fd = os.forkpty()
ok
test_recovery_stop_and_force_are_cw13_decision_gated (test_production_binding.ProductionBindingTests.test_recovery_stop_and_force_are_cw13_decision_gated) ... ok

----------------------------------------------------------------------
Ran 38 tests in 4.025s

OK
== suite tests/lifecycle rc=0 2026-10-09T02:52:00+09:00
== suite tests/observation start 2026-10-09T02:52:00+09:00
test_coalescing_invalidates_older_owner_ticket (test_atomic_admission.AdmissionTests.test_coalescing_invalidates_older_owner_ticket) ... ok
test_dispatch_wins_but_writer_progresses_before_submission_returns (test_atomic_admission.AdmissionTests.test_dispatch_wins_but_writer_progresses_before_submission_returns) ... ok
test_exit_fence_precedes_blocking_or_failed_display (test_atomic_admission.AdmissionTests.test_exit_fence_precedes_blocking_or_failed_display) ... ok
test_fence_binding_nonce_and_incarnation_reject_a_b_a_review (test_atomic_admission.AdmissionTests.test_fence_binding_nonce_and_incarnation_reject_a_b_a_review) ... ok
test_idempotent_run_observation_and_authority_only_pause_preserve_cadence (test_atomic_admission.AdmissionTests.test_idempotent_run_observation_and_authority_only_pause_preserve_cadence) ... ok
test_late_deferred_completion_after_close_is_consumed_not_replayed (test_atomic_admission.AdmissionTests.test_late_deferred_completion_after_close_is_consumed_not_replayed) ... ok
test_reentrant_concurrent_and_unknown_delivery_are_not_replayed (test_atomic_admission.AdmissionTests.test_reentrant_concurrent_and_unknown_delivery_are_not_replayed) ... ok
test_review_count_resets_with_new_incarnation (test_atomic_admission.AdmissionTests.test_review_count_resets_with_new_incarnation) ... ok
test_run_change_during_ticket_issuance_discards_old_due (test_atomic_admission.AdmissionTests.test_run_change_during_ticket_issuance_discards_old_due) ... ok
test_same_identity_new_incarnation_starts_its_own_sixty_second_baseline (test_atomic_admission.AdmissionTests.test_same_identity_new_incarnation_starts_its_own_sixty_second_baseline) ... ok
test_scheduler_keeps_pause_latest_but_not_aba_stale_ticket (test_atomic_admission.AdmissionTests.test_scheduler_keeps_pause_latest_but_not_aba_stale_ticket) ... ok
test_scheduler_uses_owner_writes_after_readiness_callback (test_atomic_admission.AdmissionTests.test_scheduler_uses_owner_writes_after_readiness_callback) ... ok
test_ticket_forgery_other_owner_and_legacy_pairing_fail_closed (test_atomic_admission.AdmissionTests.test_ticket_forgery_other_owner_and_legacy_pairing_fail_closed) ... ok
test_writer_wins_pause_cancel_revoke_replacement_and_aba (test_atomic_admission.AdmissionTests.test_writer_wins_pause_cancel_revoke_replacement_and_aba) ... ok
test_aba_does_not_reauthorize_a_request_from_before_replacement (test_atomic_admission_independent.IndependentAdmissionTests.test_aba_does_not_reauthorize_a_request_from_before_replacement) ... ok
test_callback_hints_cannot_change_authoritative_owner (test_atomic_admission_independent.IndependentAdmissionTests.test_callback_hints_cannot_change_authoritative_owner) ... ok
test_concurrent_and_reentrant_ticks_submit_once (test_atomic_admission_independent.IndependentAdmissionTests.test_concurrent_and_reentrant_ticks_submit_once) ... ok
test_dispatch_wins_but_each_writer_progresses_during_started_submission (test_atomic_admission_independent.IndependentAdmissionTests.test_dispatch_wins_but_each_writer_progresses_during_started_submission) ... ok
test_idempotent_active_run_observation_preserves_pending_ticket (test_atomic_admission_independent.IndependentAdmissionTests.test_idempotent_active_run_observation_preserves_pending_ticket) ... ok
test_late_review_ack_does_not_increment_current_tick_review_count (test_atomic_admission_independent.IndependentAdmissionTests.test_late_review_ack_does_not_increment_current_tick_review_count) ... ok
test_late_review_ack_remains_historical_after_authority_changes (test_atomic_admission_independent.IndependentAdmissionTests.test_late_review_ack_remains_historical_after_authority_changes) ... ok
test_malformed_authority_and_unknown_delivery_fail_closed (test_atomic_admission_independent.IndependentAdmissionTests.test_malformed_authority_and_unknown_delivery_fail_closed) ... ok
test_new_incarnation_observed_immediately_has_exact_new_boundary (test_atomic_admission_independent.IndependentAdmissionTests.test_new_incarnation_observed_immediately_has_exact_new_boundary) ... ok
test_owner_ticket_cannot_be_forged_reused_or_repaired_with_an_epoch (test_atomic_admission_independent.IndependentAdmissionTests.test_owner_ticket_cannot_be_forged_reused_or_repaired_with_an_epoch) ... ok
test_pause_held_due_review_does_not_cross_same_identity_new_incarnation (test_atomic_admission_independent.IndependentAdmissionTests.test_pause_held_due_review_does_not_cross_same_identity_new_incarnation) ... ok
test_pause_held_review_resumes_in_same_run_incarnation (test_atomic_admission_independent.IndependentAdmissionTests.test_pause_held_review_resumes_in_same_run_incarnation) ... ok
test_run_replacement_while_ticket_is_issued_resets_schedule (test_atomic_admission_independent.IndependentAdmissionTests.test_run_replacement_while_ticket_is_issued_resets_schedule) ... ok
test_scheduler_coalescing_discards_superseded_ticket (test_atomic_admission_independent.IndependentAdmissionTests.test_scheduler_coalescing_discards_superseded_ticket) ... ok
test_scheduler_has_no_unchecked_dispatch_when_owner_denies (test_atomic_admission_independent.IndependentAdmissionTests.test_scheduler_has_no_unchecked_dispatch_when_owner_denies) ... ok
test_writer_wins_before_admission_for_every_authority_writer (test_atomic_admission_independent.IndependentAdmissionTests.test_writer_wins_before_admission_for_every_authority_writer) ... ok
test_constructor_and_first_activation_incarnations_are_positive_and_monotonic (test_exit_incarnation.ExitIncarnationTests.test_constructor_and_first_activation_incarnations_are_positive_and_monotonic) ... ok
test_exit_then_same_identity_new_incarnation_has_own_review_and_exit (test_exit_incarnation.ExitIncarnationTests.test_exit_then_same_identity_new_incarnation_has_own_review_and_exit) ... ok
test_internal_facts_captured_before_blocking_collector_cannot_exit_new_run (test_exit_incarnation.ExitIncarnationTests.test_internal_facts_captured_before_blocking_collector_cannot_exit_new_run) ... ok
test_internal_source_is_reused_for_1500_no_review_ticks (test_exit_incarnation.ExitIncarnationTests.test_internal_source_is_reused_for_1500_no_review_ticks) ... ok
test_old_external_callback_racing_replacement_cannot_fence_new_run (test_exit_incarnation.ExitIncarnationTests.test_old_external_callback_racing_replacement_cannot_fence_new_run) ... ok
test_old_pending_ui_is_retried_automatically_after_replacement (test_exit_incarnation.ExitIncarnationTests.test_old_pending_ui_is_retried_automatically_after_replacement) ... ok
test_old_pending_ui_retry_does_not_clear_new_pending_review (test_exit_incarnation.ExitIncarnationTests.test_old_pending_ui_retry_does_not_clear_new_pending_review) ... ok
test_delayed_first_bind_requires_original_activation_token (test_exit_incarnation_independent.IndependentExitIncarnationTests.test_delayed_first_bind_requires_original_activation_token) ... ok
test_failed_old_ui_retry_finishes_once_without_fencing_new_run (test_exit_incarnation_independent.IndependentExitIncarnationTests.test_failed_old_ui_retry_finishes_once_without_fencing_new_run) ... ok
test_forged_foreign_and_rebound_sources_never_fence_new_incarnation (test_exit_incarnation_independent.IndependentExitIncarnationTests.test_forged_foreign_and_rebound_sources_never_fence_new_incarnation) ... ok
test_initial_and_transition_incarnations_are_positive_and_monotonic (test_exit_incarnation_independent.IndependentExitIncarnationTests.test_initial_and_transition_incarnations_are_positive_and_monotonic) ... ok
test_old_successful_ui_callback_cannot_clear_new_due_review (test_exit_incarnation_independent.IndependentExitIncarnationTests.test_old_successful_ui_callback_cannot_clear_new_due_review) ... ok
test_old_workflow_binding_cannot_rebind_after_same_identity_replacement (test_exit_incarnation_independent.IndependentExitIncarnationTests.test_old_workflow_binding_cannot_rebind_after_same_identity_replacement) ... ok
test_exit_clears_current_tokens_but_retired_source_stays_rejected (test_token_retention_independent.IndependentRetentionTests.test_exit_clears_current_tokens_but_retired_source_stays_rejected) ... ok
test_stale_object_id_entry_cannot_authorize_a_new_source (test_token_retention_independent.IndependentRetentionTests.test_stale_object_id_entry_cannot_authorize_a_new_source) ... ok
test_twelve_thousand_active_no_review_ticks_reuse_one_internal_token (test_token_retention_independent.IndependentRetentionTests.test_twelve_thousand_active_no_review_ticks_reuse_one_internal_token) ... ok
test_weak_external_registry_tracks_live_bindings_during_source_churn (test_token_retention_independent.IndependentRetentionTests.test_weak_external_registry_tracks_live_bindings_during_source_churn) ... ok
test_boolean_in_flight_count_is_not_treated_as_zero (test_worker_review.WorkerReviewTests.test_boolean_in_flight_count_is_not_treated_as_zero) ... ok
test_bounded_hang_investigation_flows_to_tick_and_review_without_private_data (test_worker_review.WorkerReviewTests.test_bounded_hang_investigation_flows_to_tick_and_review_without_private_data) ... ok
test_busy_due_reviews_coalesce_to_only_the_latest (test_worker_review.WorkerReviewTests.test_busy_due_reviews_coalesce_to_only_the_latest) ... ok
test_cancel_or_invalid_authority_discards_pending_review_fail_closed (test_worker_review.WorkerReviewTests.test_cancel_or_invalid_authority_discards_pending_review_fail_closed) ... ok
test_collection_reports_confirmed_exit_without_waiting_for_review_tick (test_worker_review.WorkerReviewTests.test_collection_reports_confirmed_exit_without_waiting_for_review_tick) ... ok
test_confirmed_exit_fences_stale_running_identity_but_not_new_identity (test_worker_review.WorkerReviewTests.test_confirmed_exit_fences_stale_running_identity_but_not_new_identity) ... ok
test_confirmed_lifecycle_investigation_surfaces_exit_and_fences_review (test_worker_review.WorkerReviewTests.test_confirmed_lifecycle_investigation_surfaces_exit_and_fences_review) ... ok
test_exact_sixty_second_boundary_and_sanitized_request (test_worker_review.WorkerReviewTests.test_exact_sixty_second_boundary_and_sanitized_request) ... ok
test_exit_callback_exception_can_retry_but_success_is_once_only (test_worker_review.WorkerReviewTests.test_exit_callback_exception_can_retry_but_success_is_once_only) ... ok
test_exit_callback_is_reentrant_and_concurrent_once_only (test_worker_review.WorkerReviewTests.test_exit_callback_is_reentrant_and_concurrent_once_only) ... ok
test_fact_callback_run_replacement_is_rechecked_before_dispatch (test_worker_review.WorkerReviewTests.test_fact_callback_run_replacement_is_rechecked_before_dispatch) ... ok
test_final_active_run_callback_mutation_is_followed_by_authority_read (test_worker_review.WorkerReviewTests.test_final_active_run_callback_mutation_is_followed_by_authority_read) ... ok
test_final_guard_rechecks_active_run_after_readiness_callback (test_worker_review.WorkerReviewTests.test_final_guard_rechecks_active_run_after_readiness_callback) ... ok
test_final_guard_rechecks_authority_after_priority_callback (test_worker_review.WorkerReviewTests.test_final_guard_rechecks_authority_after_priority_callback) ... ok
test_hang_investigation_timeout_is_bounded_and_remains_unknown (test_worker_review.WorkerReviewTests.test_hang_investigation_timeout_is_bounded_and_remains_unknown) ... ok
test_late_old_session_exit_cannot_bind_to_new_same_run_id (test_worker_review.WorkerReviewTests.test_late_old_session_exit_cannot_bind_to_new_same_run_id) ... ok
test_one_hundred_twenty_first_periodic_review_runs_without_cap (test_worker_review.WorkerReviewTests.test_one_hundred_twenty_first_periodic_review_runs_without_cap) ... ok
test_only_confirmed_exit_is_surfaced_immediately_even_during_pause (test_worker_review.WorkerReviewTests.test_only_confirmed_exit_is_surfaced_immediately_even_during_pause) ... ok
test_pause_keeps_collecting_but_never_starts_model_review_until_resumed (test_worker_review.WorkerReviewTests.test_pause_keeps_collecting_but_never_starts_model_review_until_resumed) ... ok
test_pending_exit_retries_after_active_run_disappears (test_worker_review.WorkerReviewTests.test_pending_exit_retries_after_active_run_disappears) ... ok
test_scheduler_usage_path_preserves_provenance_and_missing_is_unknown (test_worker_review.WorkerReviewTests.test_scheduler_usage_path_preserves_provenance_and_missing_is_unknown) ... ok
test_silence_or_elapsed_time_alone_never_classifies_hang_or_exit (test_worker_review.WorkerReviewTests.test_silence_or_elapsed_time_alone_never_classifies_hang_or_exit) ... ok
test_usage_keeps_observed_estimated_and_unknown_distinct (test_worker_review.WorkerReviewTests.test_usage_keeps_observed_estimated_and_unknown_distinct) ... ok
test_user_composer_or_conversation_priority_delays_until_clear (test_worker_review.WorkerReviewTests.test_user_composer_or_conversation_priority_delays_until_clear) ... ok
test_wrong_session_generation_is_busy_not_a_safe_review_target (test_worker_review.WorkerReviewTests.test_wrong_session_generation_is_busy_not_a_safe_review_target) ... ok
test_all_callback_boundaries_recheck_authority_and_run_before_dispatch (test_worker_review_independent.IndependentReviewTests.test_all_callback_boundaries_recheck_authority_and_run_before_dispatch) ... ok
test_busy_ambiguity_user_priority_and_unknown_delivery_do_not_replay (test_worker_review_independent.IndependentReviewTests.test_busy_ambiguity_user_priority_and_unknown_delivery_do_not_replay) ... ok
test_clock_edges_large_jump_identity_and_121st_review (test_worker_review_independent.IndependentReviewTests.test_clock_edges_large_jump_identity_and_121st_review) ... ok
test_concurrent_and_reentrant_exit_duplicates_do_not_consume_retry (test_worker_review_independent.IndependentReviewTests.test_concurrent_and_reentrant_exit_duplicates_do_not_consume_retry) ... ok
test_confirmed_exit_fences_stale_facts_but_not_a_new_run_identity (test_worker_review_independent.IndependentReviewTests.test_confirmed_exit_fences_stale_facts_but_not_a_new_run_identity) ... ok
test_failed_exit_surface_retries_once_with_or_without_active_run (test_worker_review_independent.IndependentReviewTests.test_failed_exit_surface_retries_once_with_or_without_active_run) ... ok
test_hang_requires_process_and_lifecycle_evidence_and_usage_never_conflates (test_worker_review_independent.IndependentReviewTests.test_hang_requires_process_and_lifecycle_evidence_and_usage_never_conflates) ... ok
test_investigation_timeout_single_flight_and_exception_stay_unknown (test_worker_review_independent.IndependentReviewTests.test_investigation_timeout_single_flight_and_exception_stay_unknown) ... ok
test_last_active_run_callback_cannot_invalidate_authority_then_dispatch (test_worker_review_independent.IndependentReviewTests.test_last_active_run_callback_cannot_invalidate_authority_then_dispatch) ... ok
test_late_exit_requires_exact_full_identity_and_never_fences_new_session (test_worker_review_independent.IndependentReviewTests.test_late_exit_requires_exact_full_identity_and_never_fences_new_session) ... ok
test_pause_authority_revocation_and_exit_keep_observation_without_model_work (test_worker_review_independent.IndependentReviewTests.test_pause_authority_revocation_and_exit_keep_observation_without_model_work) ... ok
test_scheduler_integrates_bounded_hang_evidence_and_strips_private_fields (test_worker_review_independent.IndependentReviewTests.test_scheduler_integrates_bounded_hang_evidence_and_strips_private_fields) ... ok
test_scheduler_usage_provenance_survives_dispatch_and_resets_for_new_identity (test_worker_review_independent.IndependentReviewTests.test_scheduler_usage_provenance_survives_dispatch_and_resets_for_new_identity) ... ok
test_1200_external_source_churn_retains_only_live_weak_registrations (test_workflow_binding.WorkflowBindingTests.test_1200_external_source_churn_retains_only_live_weak_registrations) ... ok
test_active_external_source_is_released_on_retirement (test_workflow_binding.WorkflowBindingTests.test_active_external_source_is_released_on_retirement) ... ok
test_attach_rejects_a_task_message_id_that_resolves_to_another_row (test_workflow_binding.WorkflowBindingTests.test_attach_rejects_a_task_message_id_that_resolves_to_another_row) ... ok
test_attach_rejects_wrong_row_content_role_kind_generation_and_revision (test_workflow_binding.WorkflowBindingTests.test_attach_rejects_wrong_row_content_role_kind_generation_and_revision) ... ok
test_binding_cannot_notify_a_scheduler_owned_by_another_workflow_run (test_workflow_binding.WorkflowBindingTests.test_binding_cannot_notify_a_scheduler_owned_by_another_workflow_run) ... ok
test_delayed_first_bind_cannot_use_old_or_foreign_token_after_replacement (test_workflow_binding.WorkflowBindingTests.test_delayed_first_bind_cannot_use_old_or_foreign_token_after_replacement) ... ok
test_old_workflow_run_cannot_rebind_to_same_identity_new_incarnation (test_workflow_binding.WorkflowBindingTests.test_old_workflow_run_cannot_rebind_to_same_identity_new_incarnation) ... ok
test_persisted_task_freezes_old_session_after_peer_replacement (test_workflow_binding.WorkflowBindingTests.test_persisted_task_freezes_old_session_after_peer_replacement) ... ok
test_source_activation_rejects_foreign_and_retired_workflow_run (test_workflow_binding.WorkflowBindingTests.test_source_activation_rejects_foreign_and_retired_workflow_run) ... ok
test_unconfirmed_or_incomplete_or_different_run_never_notifies (test_workflow_binding.WorkflowBindingTests.test_unconfirmed_or_incomplete_or_different_run_never_notifies) ... ok

----------------------------------------------------------------------
Ran 95 tests in 0.705s

OK
== suite tests/observation rc=0 2026-10-09T02:52:01+09:00
== suite tests/storage start 2026-10-09T02:52:01+09:00
test_only_explicit_later_durable_success_recovers_admission (test_log_raw.MetadataAdmissionGateTests.test_only_explicit_later_durable_success_recovers_admission) ... ok
test_raw_storage_failure_does_not_close_metadata_admission (test_log_raw.MetadataAdmissionGateTests.test_raw_storage_failure_does_not_close_metadata_admission) ... ok
test_concurrent_processes_never_exceed_project_limit (test_log_raw.RawLogStoreTests.test_concurrent_processes_never_exceed_project_limit) ... ok
test_concurrent_threads_share_a_single_instance_safely (test_log_raw.RawLogStoreTests.test_concurrent_threads_share_a_single_instance_safely) ... ok
test_consecutive_scan_failures_merge_from_newest_volatile_snapshot (test_log_raw.RawLogStoreTests.test_consecutive_scan_failures_merge_from_newest_volatile_snapshot) ... ok
test_default_caps_are_explicit_byte_limits (test_log_raw.RawLogStoreTests.test_default_caps_are_explicit_byte_limits) ... ok
test_first_cap_is_reported_and_tied_caps_are_both_reported (test_log_raw.RawLogStoreTests.test_first_cap_is_reported_and_tied_caps_are_both_reported) ... ok
test_lock_open_failure_returns_missing_status_instead_of_raising (test_log_raw.RawLogStoreTests.test_lock_open_failure_returns_missing_status_instead_of_raising) ... ok
test_malformed_log_entry_returns_failure_snapshots_and_preserves_sentinels (test_log_raw.RawLogStoreTests.test_malformed_log_entry_returns_failure_snapshots_and_preserves_sentinels) ... ok
test_malformed_status_entry_is_failure_snapshot_and_recovers (test_log_raw.RawLogStoreTests.test_malformed_status_entry_is_failure_snapshot_and_recovers) ... ok
test_nonempty_unmarked_root_is_rejected_without_mutation (test_log_raw.RawLogStoreTests.test_nonempty_unmarked_root_is_rejected_without_mutation) ... ok
test_observation_times_and_reopen_status_are_bounded_and_immutable (test_log_raw.RawLogStoreTests.test_observation_times_and_reopen_status_are_bounded_and_immutable) ... ok
test_open_and_quota_corruption_fail_closed_without_raising (test_log_raw.RawLogStoreTests.test_open_and_quota_corruption_fail_closed_without_raising) ... ok
test_partial_write_is_accounted_and_does_not_escape_append (test_log_raw.RawLogStoreTests.test_partial_write_is_accounted_and_does_not_escape_append) ... ok
test_pending_failure_recovery_keeps_zero_quota_cap_source (test_log_raw.RawLogStoreTests.test_pending_failure_recovery_keeps_zero_quota_cap_source) ... ok
test_project_limit_is_shared_across_runs_and_survives_reopen (test_log_raw.RawLogStoreTests.test_project_limit_is_shared_across_runs_and_survives_reopen) ... ok
test_raw_log_fsync_failure_is_reported_but_metadata_gate_stays_independent (test_log_raw.RawLogStoreTests.test_raw_log_fsync_failure_is_reported_but_metadata_gate_stays_independent) ... ok
test_raw_path_replacement_between_scan_and_append_is_not_written (test_log_raw.RawLogStoreTests.test_raw_path_replacement_between_scan_and_append_is_not_written) ... ok
test_repeated_local_failures_compose_with_concurrent_durable_drop (test_log_raw.RawLogStoreTests.test_repeated_local_failures_compose_with_concurrent_durable_drop) ... ok
test_replaced_regular_log_path_is_not_followed (test_log_raw.RawLogStoreTests.test_replaced_regular_log_path_is_not_followed) ... ok
test_replaced_root_or_status_directory_does_not_escape (test_log_raw.RawLogStoreTests.test_replaced_root_or_status_directory_does_not_escape) ... ok
test_result_and_metadata_sentinels_outside_owned_raw_root_are_untouched (test_log_raw.RawLogStoreTests.test_result_and_metadata_sentinels_outside_owned_raw_root_are_untouched) ... ok
test_run_cap_first_remains_its_source_after_project_cap (test_log_raw.RawLogStoreTests.test_run_cap_first_remains_its_source_after_project_cap) ... ok
test_run_limit_stops_at_exact_byte_and_keeps_observing (test_log_raw.RawLogStoreTests.test_run_limit_stops_at_exact_byte_and_keeps_observing) ... ok
test_same_run_store_branch_merge_preserves_both_observations (test_log_raw.RawLogStoreTests.test_same_run_store_branch_merge_preserves_both_observations) ... ok
test_same_store_recovers_after_malformed_entry_is_removed (test_log_raw.RawLogStoreTests.test_same_store_recovers_after_malformed_entry_is_removed) ... ok
test_scan_failure_is_observed_without_creating_or_removing_data (test_log_raw.RawLogStoreTests.test_scan_failure_is_observed_without_creating_or_removing_data) ... ok
test_short_writes_that_make_progress_preserve_the_exact_prefix (test_log_raw.RawLogStoreTests.test_short_writes_that_make_progress_preserve_the_exact_prefix) ... ok
test_special_file_and_replaced_lock_fail_without_blocking_or_writing (test_log_raw.RawLogStoreTests.test_special_file_and_replaced_lock_fail_without_blocking_or_writing) ... ok
test_status_directory_fsync_failure_reports_uncertain_persistence (test_log_raw.RawLogStoreTests.test_status_directory_fsync_failure_reports_uncertain_persistence) ... ok
test_symlink_special_and_path_traversal_are_rejected (test_log_raw.RawLogStoreTests.test_symlink_special_and_path_traversal_are_rejected) ... ok
test_two_recovered_failure_cycles_apply_each_local_delta_once (test_log_raw.RawLogStoreTests.test_two_recovered_failure_cycles_apply_each_local_delta_once) ... ok
test_visible_but_unconfirmed_failure_delta_is_not_applied_twice (test_log_raw.RawLogStoreTests.test_visible_but_unconfirmed_failure_delta_is_not_applied_twice) ... ok

----------------------------------------------------------------------
Ran 33 tests in 0.294s

OK
== suite tests/storage rc=0 2026-10-09T02:52:02+09:00
== suite tests/tasks start 2026-10-09T02:52:02+09:00
test_active_run_is_not_replaced_by_spec_or_settings_change (test_repository.TaskRepositoryTests.test_active_run_is_not_replaced_by_spec_or_settings_change) ... ok
test_both_scope_approval_and_fresh_proceed_are_required (test_repository.TaskRepositoryTests.test_both_scope_approval_and_fresh_proceed_are_required) ... ok
test_cancel_and_revoke_are_append_only_and_invalidate_the_revision (test_repository.TaskRepositoryTests.test_cancel_and_revoke_are_append_only_and_invalidate_the_revision) ... ok
test_invalid_references_and_closed_repository_fail_explicitly (test_repository.TaskRepositoryTests.test_invalid_references_and_closed_repository_fail_explicitly) ... ok
test_invalidation_requires_its_own_task_revision_and_a_terminal_authority_decision (test_repository.TaskRepositoryTests.test_invalidation_requires_its_own_task_revision_and_a_terminal_authority_decision) ... ok
test_message_delivery_attempts_shell_and_takeover_are_linked_append_only (test_repository.TaskRepositoryTests.test_message_delivery_attempts_shell_and_takeover_are_linked_append_only) ... ok
test_new_run_uses_new_settings_and_failed_write_rolls_back_all_run_state (test_repository.TaskRepositoryTests.test_new_run_uses_new_settings_and_failed_write_rolls_back_all_run_state) ... ok
test_revision_and_lifecycle_history_rows_reject_mutation (test_repository.TaskRepositoryTests.test_revision_and_lifecycle_history_rows_reject_mutation) ... ok
test_schema_v1_migration_preserves_cancellation_invalidation_history (test_repository.TaskRepositoryTests.test_schema_v1_migration_preserves_cancellation_invalidation_history) ... ok
test_settings_revisions_and_run_decisions_are_durable (test_repository.TaskRepositoryTests.test_settings_revisions_and_run_decisions_are_durable) ... ok
test_task_identity_spec_revisions_and_run_snapshot_survive_reopen (test_repository.TaskRepositoryTests.test_task_identity_spec_revisions_and_run_snapshot_survive_reopen) ... ok
test_all_persisted_fact_tables_reject_update_and_delete_not_only_run_events (test_repository_independent.RepositoryInvariantTests.test_all_persisted_fact_tables_reject_update_and_delete_not_only_run_events) ... ok
test_cancel_and_revoke_transaction_failure_does_not_partially_remove_current_run (test_repository_independent.RepositoryInvariantTests.test_cancel_and_revoke_transaction_failure_does_not_partially_remove_current_run) ... ok
test_closed_reads_and_writes_never_return_success_or_create_new_history (test_repository_independent.RepositoryInvariantTests.test_closed_reads_and_writes_never_return_success_or_create_new_history) ... ok
test_cross_task_message_decision_and_delivery_attempt_reuse_never_overwrite (test_repository_independent.RepositoryInvariantTests.test_cross_task_message_decision_and_delivery_attempt_reuse_never_overwrite) ... ok
test_database_invalidation_cannot_reference_another_tasks_authority_decision (test_repository_independent.RepositoryInvariantTests.test_database_invalidation_cannot_reference_another_tasks_authority_decision) ... ok
test_insert_or_replace_cannot_overwrite_existing_task_spec_revision (test_repository_independent.RepositoryInvariantTests.test_insert_or_replace_cannot_overwrite_existing_task_spec_revision) ... ok
test_proceed_before_approval_wrong_revision_and_consumed_decision_stay_denied_after_reopen (test_repository_independent.RepositoryInvariantTests.test_proceed_before_approval_wrong_revision_and_consumed_decision_stay_denied_after_reopen) ... ok
test_settings_and_revision_change_preserve_active_run_and_prior_retry_history (test_repository_independent.RepositoryInvariantTests.test_settings_and_revision_change_preserve_active_run_and_prior_retry_history) ... ok
test_takeover_confirmation_and_shell_history_are_append_only_and_reopen_in_order (test_repository_independent.RepositoryInvariantTests.test_takeover_confirmation_and_shell_history_are_append_only_and_reopen_in_order) ... ok
test_transaction_denial_at_each_write_and_commit_preserves_unused_authorization (test_repository_independent.RepositoryInvariantTests.test_transaction_denial_at_each_write_and_commit_preserves_unused_authorization) ... ok
test_v1_migration_rejects_scope_approval_invalidation_atomically (test_repository_independent.RepositoryInvariantTests.test_v1_migration_rejects_scope_approval_invalidation_atomically) ... ok

----------------------------------------------------------------------
Ran 22 tests in 1.810s

OK
== suite tests/tasks rc=0 2026-10-09T02:52:03+09:00
== suite tests/workflow start 2026-10-09T02:52:03+09:00
test_a_manager_hold_defers_the_report_until_it_lifts (test_cw19_fix01_workflow.JudgeReportHold.test_a_manager_hold_defers_the_report_until_it_lifts) ... ok
test_an_unreadable_hold_state_holds (test_cw19_fix01_workflow.JudgeReportHold.test_an_unreadable_hold_state_holds) ... ok
test_no_hold_delivers_at_once (test_cw19_fix01_workflow.JudgeReportHold.test_no_hold_delivers_at_once) ... ok
test_a_closed_raw_log_store_fails_the_run_truthfully (test_cw19_fix01_workflow.StartRawStoreFailure.test_a_closed_raw_log_store_fails_the_run_truthfully) ... ok
test_a_deferred_report_is_resent_once_and_nothing_else_is_replayed (test_run.WorkflowRuntimeTests.test_a_deferred_report_is_resent_once_and_nothing_else_is_replayed) ... ok
test_a_parent_cwd_that_really_differs_or_never_completes_still_holds (test_run.WorkflowRuntimeTests.test_a_parent_cwd_that_really_differs_or_never_completes_still_holds) ... ok
test_ambiguous_report_delivery_is_not_replayed (test_run.WorkflowRuntimeTests.test_ambiguous_report_delivery_is_not_replayed) ... ok
test_authority_and_direct_request_classification (test_run.WorkflowRuntimeTests.test_authority_and_direct_request_classification) ... ok
test_before_shell_input_runs_after_the_task_delivery_and_can_stop_any_typing (test_run.WorkflowRuntimeTests.test_before_shell_input_runs_after_the_task_delivery_and_can_stop_any_typing) ... ok
test_cancel_and_revoke_after_collection_block_worker_analysis (test_run.WorkflowRuntimeTests.test_cancel_and_revoke_after_collection_block_worker_analysis) ... ok
test_cancel_revoke_and_pause_at_worker_and_analysis_barriers (test_run.WorkflowRuntimeTests.test_cancel_revoke_and_pause_at_worker_and_analysis_barriers) ... ok
test_code_modification_report_ends_instruction_without_auto_return (test_run.WorkflowRuntimeTests.test_code_modification_report_ends_instruction_without_auto_return) ... ok
test_direct_request_durable_routes_and_secret_values_not_recorded (test_run.WorkflowRuntimeTests.test_direct_request_durable_routes_and_secret_values_not_recorded) ... ok
test_explicit_commit_and_target_guards_do_not_mutate_source (test_run.WorkflowRuntimeTests.test_explicit_commit_and_target_guards_do_not_mutate_source) ... ok
test_four_exit_and_evidence_outcomes_on_real_host_shell (test_run.WorkflowRuntimeTests.test_four_exit_and_evidence_outcomes_on_real_host_shell) ... ok
test_injected_shell_needs_names_only_and_the_approved_shell_kind (test_run.WorkflowRuntimeTests.test_injected_shell_needs_names_only_and_the_approved_shell_kind) ... ok
test_injected_shell_runs_the_experiment_and_is_never_closed (test_run.WorkflowRuntimeTests.test_injected_shell_runs_the_experiment_and_is_never_closed) ... ok
test_pause_after_worktree_before_shell_dispatch_holds_without_sent_event (test_run.WorkflowRuntimeTests.test_pause_after_worktree_before_shell_dispatch_holds_without_sent_event) ... ok
test_pause_collects_exit_without_new_report_then_resumes (test_run.WorkflowRuntimeTests.test_pause_collects_exit_without_new_report_then_resumes) ... ok
test_preparation_failure_preserves_source_and_existing_target (test_run.WorkflowRuntimeTests.test_preparation_failure_preserves_source_and_existing_target) ... ok
test_public_worker_port_identity_and_current_authority_fail_closed (test_run.WorkflowRuntimeTests.test_public_worker_port_identity_and_current_authority_fail_closed) ... ok
test_rejected_or_unknown_worker_analysis_records_reason_and_raises_unavailable (test_run.WorkflowRuntimeTests.test_rejected_or_unknown_worker_analysis_records_reason_and_raises_unavailable) ... ok
test_rejected_worker_response_reason_is_recorded_in_run_events (test_run.WorkflowRuntimeTests.test_rejected_worker_response_reason_is_recorded_in_run_events) ... ok
test_report_accepted_by_the_manager_closes_the_run_before_the_turn_ends (test_run.WorkflowRuntimeTests.test_report_accepted_by_the_manager_closes_the_run_before_the_turn_ends) ... ok
test_strict_preparation_failure_requires_worker_analysis_before_report (test_run.WorkflowRuntimeTests.test_strict_preparation_failure_requires_worker_analysis_before_report) ... ok
test_the_parent_cwd_file_is_read_only_when_pwd_finished_writing_it (test_run.WorkflowRuntimeTests.test_the_parent_cwd_file_is_read_only_when_pwd_finished_writing_it) ... ok
test_unexpected_analysis_exceptions_end_unavailable_on_a_real_run (test_run.WorkflowRuntimeTests.test_unexpected_analysis_exceptions_end_unavailable_on_a_real_run) ... ok
test_without_on_report_an_unknown_report_still_closes_nothing (test_run.WorkflowRuntimeTests.test_without_on_report_an_unknown_report_still_closes_nothing) ... ok
test_worker_analysis_cannot_promote_missing_evidence_or_wrong_identity (test_run.WorkflowRuntimeTests.test_worker_analysis_cannot_promote_missing_evidence_or_wrong_identity) ... ok
test_analysis_response_identity_and_judgment_guard_block_report (test_run_independent.WorkflowIndependentTests.test_analysis_response_identity_and_judgment_guard_block_report) ... ok
test_authority_changes_during_worktree_preparation_hold_new_dispatch (test_run_independent.WorkflowIndependentTests.test_authority_changes_during_worktree_preparation_hold_new_dispatch) ... ok
test_direct_worker_routing_is_durable_but_never_self_authorizes (test_run_independent.WorkflowIndependentTests.test_direct_worker_routing_is_durable_but_never_self_authorizes) ... ok
test_exit_zero_without_result_provenance_is_indeterminate_not_success (test_run_independent.WorkflowIndependentTests.test_exit_zero_without_result_provenance_is_indeterminate_not_success) ... ok
test_explicit_commit_and_canonical_target_preserve_dirty_user_work (test_run_independent.WorkflowIndependentTests.test_explicit_commit_and_canonical_target_preserve_dirty_user_work) ... ok
test_missing_and_changed_result_file_cannot_be_promoted_to_success (test_run_independent.WorkflowIndependentTests.test_missing_and_changed_result_file_cannot_be_promoted_to_success) ... ok
test_missing_raw_log_after_confirmed_exit_is_indeterminate (test_run_independent.WorkflowIndependentTests.test_missing_raw_log_after_confirmed_exit_is_indeterminate) ... ok
test_pause_collects_terminal_facts_but_blocks_report_and_code_change_does_not_replay (test_run_independent.WorkflowIndependentTests.test_pause_collects_terminal_facts_but_blocks_report_and_code_change_does_not_replay) ... ok
test_pause_immediately_before_shell_submit_and_after_analysis_blocks_new_actions (test_run_independent.WorkflowIndependentTests.test_pause_immediately_before_shell_submit_and_after_analysis_blocks_new_actions) ... ok
test_preparation_failure_reports_to_manager_without_source_fallback (test_run_independent.WorkflowIndependentTests.test_preparation_failure_reports_to_manager_without_source_fallback) ... ok
test_public_worker_response_identity_matrix_blocks_shell_dispatch (test_run_independent.WorkflowIndependentTests.test_public_worker_response_identity_matrix_blocks_shell_dispatch) ... ok
test_report_delivery_unknown_is_durable_and_cannot_auto_replay (test_run_independent.WorkflowIndependentTests.test_report_delivery_unknown_is_durable_and_cannot_auto_replay) ... ok
test_scope_authority_and_direct_request_classification_cannot_start_run (test_run_independent.WorkflowIndependentTests.test_scope_authority_and_direct_request_classification_cannot_start_run) ... ok
test_shell_lifecycle_unknown_does_not_start_worker_judgment_or_report (test_run_independent.WorkflowIndependentTests.test_shell_lifecycle_unknown_does_not_start_worker_judgment_or_report) ... ok
test_stale_worker_response_cannot_authorize_a_different_run (test_run_independent.WorkflowIndependentTests.test_stale_worker_response_cannot_authorize_a_different_run) ... ok
test_task_delivery_unknown_is_durable_and_never_starts_host_or_replays (test_run_independent.WorkflowIndependentTests.test_task_delivery_unknown_is_durable_and_never_starts_host_or_replays) ... ok
test_transient_secret_reaches_shell_but_never_durable_evidence (test_run_independent.WorkflowIndependentTests.test_transient_secret_reaches_shell_but_never_durable_evidence) ... ok
test_truncated_and_changed_raw_log_cannot_be_promoted_to_success (test_run_independent.WorkflowIndependentTests.test_truncated_and_changed_raw_log_cannot_be_promoted_to_success) ... ok
test_unreadable_raw_log_after_collection_is_reported_without_replay (test_run_independent.WorkflowIndependentTests.test_unreadable_raw_log_after_collection_is_reported_without_replay) ... ok
test_bridge_rejection_reason_is_kept_as_a_short_machine_reason (test_worker_port.WorkerResponsePortTests.test_bridge_rejection_reason_is_kept_as_a_short_machine_reason) ... ok
test_exact_public_events_return_only_allowlisted_decision (test_worker_port.WorkerResponsePortTests.test_exact_public_events_return_only_allowlisted_decision) ... ok
test_rejected_missing_or_unlinked_response_never_authorizes (test_worker_port.WorkerResponsePortTests.test_rejected_missing_or_unlinked_response_never_authorizes) ... ok
test_response_id_cannot_be_reused_for_another_delivery (test_worker_port.WorkerResponsePortTests.test_response_id_cannot_be_reused_for_another_delivery) ... ok
test_scripted_provider_derives_frame_from_contract_and_rejects_mutations (test_worker_port.WorkerResponsePortTests.test_scripted_provider_derives_frame_from_contract_and_rejects_mutations) ... ok
test_unprocessed_receipt_and_repeated_arm_are_rejected (test_worker_port.WorkerResponsePortTests.test_unprocessed_receipt_and_repeated_arm_are_rejected) ... ok
test_actual_workflow_probes_use_exported_public_port_not_provider_dictionary (test_worker_port_independent.PublicWorkerPortIndependentTests.test_actual_workflow_probes_use_exported_public_port_not_provider_dictionary) ... ok
test_public_response_shape_stage_and_wrong_delivery_are_rejected (test_worker_port_independent.PublicWorkerPortIndependentTests.test_public_response_shape_stage_and_wrong_delivery_are_rejected) ... ok
test_response_id_replay_and_duplicate_arm_fail_closed (test_worker_port_independent.PublicWorkerPortIndependentTests.test_response_id_replay_and_duplicate_arm_fail_closed) ... ok
test_scripted_provider_uses_delivered_contract_without_fallback (test_worker_port_independent.PublicWorkerPortIndependentTests.test_scripted_provider_uses_delivered_contract_without_fallback)
A real provider request must use changed contract data or fail closed. ... ok
test_terminal_causality_and_identity_corruption_never_authorize (test_worker_port_independent.PublicWorkerPortIndependentTests.test_terminal_causality_and_identity_corruption_never_authorize) ... ok
test_valid_two_event_control_is_exactly_bound_and_one_shot (test_worker_port_independent.PublicWorkerPortIndependentTests.test_valid_two_event_control_is_exactly_bound_and_one_shot) ... ok
test_close_of_unbounded_workflow_run_cleans_descendants_without_replay (test_workflow_unbounded_independent_p27b.WorkflowUnboundedTests.test_close_of_unbounded_workflow_run_cleans_descendants_without_replay) ... ok
test_default_start_runs_past_90s_and_confirms_real_exit_across_idle_collect_gap (test_workflow_unbounded_independent_p27b.WorkflowUnboundedTests.test_default_start_runs_past_90s_and_confirms_real_exit_across_idle_collect_gap) ... ok

----------------------------------------------------------------------
Ran 62 tests in 139.635s

OK
== suite tests/workflow rc=0 2026-10-09T02:54:23+09:00
== suite tests/contracts start 2026-10-09T02:54:23+09:00
test_comma_key_cannot_replace_two_required_shell_fields (test_ports_v2.PortTests.test_comma_key_cannot_replace_two_required_shell_fields) ... ok
test_cross_language_roundtrip_and_v1_adapter (test_ports_v2.PortTests.test_cross_language_roundtrip_and_v1_adapter) ... ok
test_old_versions_extra_fields_and_unknown_evidence_rejected_or_held (test_ports_v2.PortTests.test_old_versions_extra_fields_and_unknown_evidence_rejected_or_held) ... ok
test_all_required_fields_versions_and_malformed_states_reject_in_both_languages (test_ports_v2_independent.IndependentPortContractTests.test_all_required_fields_versions_and_malformed_states_reject_in_both_languages) ... ok
test_json_safe_integer_boundary_has_identical_rejection_semantics (test_ports_v2_independent.IndependentPortContractTests.test_json_safe_integer_boundary_has_identical_rejection_semantics) ... ok
test_v1_adapter_preserves_envelope_and_rejects_incomplete_or_new_versions (test_ports_v2_independent.IndependentPortContractTests.test_v1_adapter_preserves_envelope_and_rejects_incomplete_or_new_versions) ... ok
test_display_chunk_roundtrip_uses_raw_payload (test_ui_v1.DisplayTests.test_display_chunk_roundtrip_uses_raw_payload) ... ok
test_bad_magic_header_bounds_and_json_are_protocol_errors (test_ui_v1.FramingTests.test_bad_magic_header_bounds_and_json_are_protocol_errors) ... ok
test_encoder_rejects_unbounded_or_non_json_headers (test_ui_v1.FramingTests.test_encoder_rejects_unbounded_or_non_json_headers) ... ok
test_oversized_payload_is_consumed_not_retained_and_stream_resyncs (test_ui_v1.FramingTests.test_oversized_payload_is_consumed_not_retained_and_stream_resyncs) ... ok
test_paste_limit_boundary_is_buffered_up_to_the_buffer_bound (test_ui_v1.FramingTests.test_paste_limit_boundary_is_buffered_up_to_the_buffer_bound) ... ok
test_roundtrip_is_byte_exact_and_incremental (test_ui_v1.FramingTests.test_roundtrip_is_byte_exact_and_incremental) ... ok
test_approval_decide_is_removed_and_pause_resume_shapes_stay (test_ui_v1.NegotiationAndValidationTests.test_approval_decide_is_removed_and_pause_resume_shapes_stay) ... ok
test_automation_refusal_reasons_are_contract_values_and_approval_reasons_are_gone (test_ui_v1.NegotiationAndValidationTests.test_automation_refusal_reasons_are_contract_values_and_approval_reasons_are_gone) ... ok
test_automation_state_values_are_contract_values (test_ui_v1.NegotiationAndValidationTests.test_automation_state_values_are_contract_values) ... ok
test_every_client_type_has_a_documented_request_shape (test_ui_v1.NegotiationAndValidationTests.test_every_client_type_has_a_documented_request_shape) ... ok
test_field_validation (test_ui_v1.NegotiationAndValidationTests.test_field_validation) ... ok
test_hello_first_and_once (test_ui_v1.NegotiationAndValidationTests.test_hello_first_and_once) ... ok
test_kill_pane_names_one_pane_and_carries_no_payload (test_ui_v1.NegotiationAndValidationTests.test_kill_pane_names_one_pane_and_carries_no_payload) ... ok
test_kill_refusal_reasons_are_contract_values (test_ui_v1.NegotiationAndValidationTests.test_kill_refusal_reasons_are_contract_values) ... ok
test_negotiated_version_is_required_on_every_frame (test_ui_v1.NegotiationAndValidationTests.test_negotiated_version_is_required_on_every_frame) ... ok
test_restart_pane_host_shell_parses (test_ui_v1.NegotiationAndValidationTests.test_restart_pane_host_shell_parses) ... ok
test_restart_pane_names_one_pane_and_carries_no_payload (test_ui_v1.NegotiationAndValidationTests.test_restart_pane_names_one_pane_and_carries_no_payload) ... ok
test_restart_refusal_reasons_are_contract_values (test_ui_v1.NegotiationAndValidationTests.test_restart_refusal_reasons_are_contract_values) ... ok
test_results_and_rejects_carry_reasons (test_ui_v1.NegotiationAndValidationTests.test_results_and_rejects_carry_reasons) ... ok
test_task_and_worker_state_values_are_contract_values (test_ui_v1.NegotiationAndValidationTests.test_task_and_worker_state_values_are_contract_values) ... ok
test_version_negotiation (test_ui_v1.NegotiationAndValidationTests.test_version_negotiation) ... ok
test_buffered_bound_is_retained_and_one_more_is_discarded_with_size (test_ui_v1_independent.IndependentFramingTests.test_buffered_bound_is_retained_and_one_more_is_discarded_with_size) ... ok
test_byte_by_byte_feed_yields_identical_frames (test_ui_v1_independent.IndependentFramingTests.test_byte_by_byte_feed_yields_identical_frames) ... ok
test_discard_bound_is_inclusive_and_one_more_fails_before_any_payload (test_ui_v1_independent.IndependentFramingTests.test_discard_bound_is_inclusive_and_one_more_fails_before_any_payload) ... ok
test_failed_decoder_stays_failed (test_ui_v1_independent.IndependentFramingTests.test_failed_decoder_stays_failed) ... ok
test_header_bound_is_inclusive_and_one_more_is_a_protocol_error (test_ui_v1_independent.IndependentFramingTests.test_header_bound_is_inclusive_and_one_more_is_a_protocol_error) ... ok
test_attach_size_shape_and_bounds (test_ui_v1_independent.IndependentSessionContractTests.test_attach_size_shape_and_bounds) ... ok
test_display_frames_carry_raw_bytes_and_identity (test_ui_v1_independent.IndependentSessionContractTests.test_display_frames_carry_raw_bytes_and_identity) ... ok
test_every_post_welcome_frame_needs_exact_integer_version (test_ui_v1_independent.IndependentSessionContractTests.test_every_post_welcome_frame_needs_exact_integer_version) ... ok
test_negotiation_rejects_malformed_version_lists (test_ui_v1_independent.IndependentSessionContractTests.test_negotiation_rejects_malformed_version_lists) ... ok
test_payload_only_on_input_and_paste_and_discarded_frames_keep_their_size (test_ui_v1_independent.IndependentSessionContractTests.test_payload_only_on_input_and_paste_and_discarded_frames_keep_their_size) ... ok
test_reject_and_result_are_self_describing (test_ui_v1_independent.IndependentSessionContractTests.test_reject_and_result_are_self_describing) ... ok
test_all_command_states_remain_distinct (test_v1.ContractV1Tests.test_all_command_states_remain_distinct) ... ok
test_command_exit_code_fits_shared_safe_integer_range (test_v1.ContractV1Tests.test_command_exit_code_fits_shared_safe_integer_range) ... ok
test_display_bytes_are_a_distinct_raw_byte_type (test_v1.ContractV1Tests.test_display_bytes_are_a_distinct_raw_byte_type) ... ok
test_display_counters_fit_shared_safe_integer_range (test_v1.ContractV1Tests.test_display_counters_fit_shared_safe_integer_range) ... ok
test_exit_code_is_only_valid_after_completion (test_v1.ContractV1Tests.test_exit_code_is_only_valid_after_completion) ... ok
test_golden_envelope_round_trips_and_checks_session_generation (test_v1.ContractV1Tests.test_golden_envelope_round_trips_and_checks_session_generation) ... ok
test_message_id_is_logical_and_attempt_ids_are_per_delivery (test_v1.ContractV1Tests.test_message_id_is_logical_and_attempt_ids_are_per_delivery) ... ok
test_message_payload_and_reply_reference_round_trip (test_v1.ContractV1Tests.test_message_payload_and_reply_reference_round_trip) ... ok
test_nested_payload_numbers_preserve_shared_numeric_boundary (test_v1.ContractV1Tests.test_nested_payload_numbers_preserve_shared_numeric_boundary) ... ok
test_rejects_explicit_null_for_optional_wire_fields (test_v1.ContractV1Tests.test_rejects_explicit_null_for_optional_wire_fields) ... ok
test_rejects_invalid_identifiers_unknown_fields_and_invalid_state_data (test_v1.ContractV1Tests.test_rejects_invalid_identifiers_unknown_fields_and_invalid_state_data) ... ok
test_rejects_non_json_values_nested_inside_a_message_payload (test_v1.ContractV1Tests.test_rejects_non_json_values_nested_inside_a_message_payload) ... ok
test_rejects_unsupported_version_role_and_session_generation (test_v1.ContractV1Tests.test_rejects_unsupported_version_role_and_session_generation) ... ok
test_session_generation_must_fit_shared_js_safe_integer_range (test_v1.ContractV1Tests.test_session_generation_must_fit_shared_js_safe_integer_range) ... ok

----------------------------------------------------------------------
Ran 52 tests in 0.268s

OK
== suite tests/contracts rc=0 2026-10-09T02:54:23+09:00
== suite tests/bridge start 2026-10-09T02:54:23+09:00
test_a_handoff_queued_for_one_session_is_not_delivered_into_a_new_session (test_cw18_bridge_independent_p27w.BridgeFlowTests.test_a_handoff_queued_for_one_session_is_not_delivered_into_a_new_session) ... ok
test_frame_role_claims_are_ignored_and_impostor_hello_is_refused (test_cw18_bridge_independent_p27w.BridgeFlowTests.test_frame_role_claims_are_ignored_and_impostor_hello_is_refused) ... ok
test_free_work_round_trip_and_worker_busy_over_the_socket (test_cw18_bridge_independent_p27w.BridgeFlowTests.test_free_work_round_trip_and_worker_busy_over_the_socket) ... ok
test_no_two_deliveries_enter_the_worker_in_one_turn (test_cw18_bridge_independent_p27w.BridgeFlowTests.test_no_two_deliveries_enter_the_worker_in_one_turn) ... ok
test_bridge_tools_per_role (test_cw18_schema_independent_p27w.SchemaAgreementTests.test_bridge_tools_per_role) ... ok
test_examples_valid_for_the_extension_schema_are_accepted_by_the_backend (test_cw18_schema_independent_p27w.SchemaAgreementTests.test_examples_valid_for_the_extension_schema_are_accepted_by_the_backend) ... ok
test_property_names_kinds_and_required_agree_with_the_backend (test_cw18_schema_independent_p27w.SchemaAgreementTests.test_property_names_kinds_and_required_agree_with_the_backend) ... ok
test_front_matter_and_directories (test_cw18_schema_independent_p27w.SkillContentTests.test_front_matter_and_directories) ... ok
test_to_manager_names_every_field_and_the_marker (test_cw18_schema_independent_p27w.SkillContentTests.test_to_manager_names_every_field_and_the_marker) ... ok
test_to_worker_explains_every_result_status_the_backend_returns (test_cw18_schema_independent_p27w.SkillContentTests.test_to_worker_explains_every_result_status_the_backend_returns) ... ok
test_to_worker_names_every_field_and_the_rules (test_cw18_schema_independent_p27w.SkillContentTests.test_to_worker_names_every_field_and_the_rules) ... ok
test_different_targets_are_independent_lanes (test_delivery_serialization.DeliverySerializationTests.test_different_targets_are_independent_lanes) ... ok
test_g3_bridge_exposes_one_delivery_lock_per_target (test_delivery_serialization.DeliverySerializationTests.test_g3_bridge_exposes_one_delivery_lock_per_target) ... ok
test_two_mailboxes_never_deliver_into_the_same_omp_at_once (test_delivery_serialization.DeliverySerializationTests.test_two_mailboxes_never_deliver_into_the_same_omp_at_once) ... ok
test_a_failing_callback_never_changes_the_receipt (test_delivery_submitted.SubmittedHookTests.test_a_failing_callback_never_changes_the_receipt) ... ok
test_a_turn_longer_than_the_timeout_is_unknown_but_was_submitted (test_delivery_submitted.SubmittedHookTests.test_a_turn_longer_than_the_timeout_is_unknown_but_was_submitted) ... ok
test_no_submission_means_no_call (test_delivery_submitted.SubmittedHookTests.test_no_submission_means_no_call) ... ok
test_on_submitted_is_called_at_the_ack_before_the_turn_ends (test_delivery_submitted.SubmittedHookTests.test_on_submitted_is_called_at_the_ack_before_the_turn_ends) ... ok
test_bridge_extension_handoff_tools (test_handoff_tools_extension.HandoffToolsExtensionTests.test_bridge_extension_handoff_tools) ... ok
test_bridge_extension_provider_payload_identity (test_handoff_tools_extension.HandoffToolsExtensionTests.test_bridge_extension_provider_payload_identity) ... ok
test_all_kinds_use_correct_roles_and_durable_task_run_links (test_mailbox.TaskMailboxTests.test_all_kinds_use_correct_roles_and_durable_task_run_links) ... ok
test_api_return_is_not_processed_and_matching_event_records_separate_status (test_mailbox.TaskMailboxTests.test_api_return_is_not_processed_and_matching_event_records_separate_status) ... ok
test_api_return_without_processing_observation_is_unknown (test_mailbox.TaskMailboxTests.test_api_return_without_processing_observation_is_unknown) ... ok
test_async_processing_error_is_persisted_unknown_and_not_replayed (test_mailbox.TaskMailboxTests.test_async_processing_error_is_persisted_unknown_and_not_replayed) ... ok
test_lost_ack_is_unknown_and_never_replayed (test_mailbox.TaskMailboxTests.test_lost_ack_is_unknown_and_never_replayed) ... ok
test_new_mailbox_cannot_deliver_prior_process_handle (test_mailbox.TaskMailboxTests.test_new_mailbox_cannot_deliver_prior_process_handle) ... ok
test_readiness_gates_are_fail_closed_before_attempt_or_injection (test_mailbox.TaskMailboxTests.test_readiness_gates_are_fail_closed_before_attempt_or_injection) ... ok
test_rejects_wrong_direction_and_reply_parent (test_mailbox.TaskMailboxTests.test_rejects_wrong_direction_and_reply_parent) ... ok
test_session_generation_change_rejects_without_replay (test_mailbox.TaskMailboxTests.test_session_generation_change_rejects_without_replay) ... ok
test_successful_message_handle_is_deduplicated_on_live_mailbox (test_mailbox.TaskMailboxTests.test_successful_message_handle_is_deduplicated_on_live_mailbox) ... ok
test_backpressured_request_has_deadline_and_close_can_progress (test_mailbox_independent.BridgeServerIndependentRegressions.test_backpressured_request_has_deadline_and_close_can_progress) ... ok
test_boolean_generation_cannot_register_update_state_or_emit_event (test_mailbox_independent.BridgeServerIndependentRegressions.test_boolean_generation_cannot_register_update_state_or_emit_event) ... ok
test_bound_peer_pair_rejects_manager_switch_before_worker_submission (test_mailbox_independent.BridgeServerIndependentRegressions.test_bound_peer_pair_rejects_manager_switch_before_worker_submission) ... ok
test_bound_peer_switch_while_write_lock_waits_sends_no_replacement_bytes (test_mailbox_independent.BridgeServerIndependentRegressions.test_bound_peer_switch_while_write_lock_waits_sends_no_replacement_bytes) ... ok
test_close_after_ack_pending_before_first_send_converges_to_durable_unknown (test_mailbox_independent.BridgeServerIndependentRegressions.test_close_after_ack_pending_before_first_send_converges_to_durable_unknown) ... ok
test_newer_fence_close_rejects_resume_waiting_on_write_lock (test_mailbox_independent.BridgeServerIndependentRegressions.test_newer_fence_close_rejects_resume_waiting_on_write_lock) ... ok
test_switch_after_pending_registration_never_reselects_replacement (test_mailbox_independent.BridgeServerIndependentRegressions.test_switch_after_pending_registration_never_reselects_replacement) ... ok
test_unsolicited_and_late_acks_are_not_retained_or_reused (test_mailbox_independent.BridgeServerIndependentRegressions.test_unsolicited_and_late_acks_are_not_retained_or_reused) ... ok
test_api_acceptance_or_incomplete_provider_evidence_never_means_work_completed (test_mailbox_independent.MailboxIndependentTests.test_api_acceptance_or_incomplete_provider_evidence_never_means_work_completed) ... ok
test_current_session_change_and_extension_last_moment_deferral_do_not_claim_delivery (test_mailbox_independent.MailboxIndependentTests.test_current_session_change_and_extension_last_moment_deferral_do_not_claim_delivery) ... ok
test_lost_ack_unknown_is_durable_and_never_replayed_by_new_mailbox_or_generation (test_mailbox_independent.MailboxIndependentTests.test_lost_ack_unknown_is_durable_and_never_replayed_by_new_mailbox_or_generation) ... ok
test_missing_or_wrong_typed_readiness_never_creates_attempt_then_recovery_uses_same_message (test_mailbox_independent.MailboxIndependentTests.test_missing_or_wrong_typed_readiness_never_creates_attempt_then_recovery_uses_same_message) ... ok
test_smoke_shaped_placeholders_dispatch_and_report_cleanly (test_strict_placeholder_live.StrictPlaceholderLiveTests.test_smoke_shaped_placeholders_dispatch_and_report_cleanly) ... skipped 'set WB_LIVE_CW18=1 (real OMP, scripted provider, no model)'
test_a_delivered_result_is_not_reported_undelivered (test_tool_request_bridge.ToolRequestBridgeTests.test_a_delivered_result_is_not_reported_undelivered) ... ok
test_a_gone_peer_is_reported (test_tool_request_bridge.ToolRequestBridgeTests.test_a_gone_peer_is_reported) ... ok
test_a_result_for_a_replaced_session_is_reported_undelivered (test_tool_request_bridge.ToolRequestBridgeTests.test_a_result_for_a_replaced_session_is_reported_undelivered) ... ok
test_authenticated_tool_request_reaches_handler_with_peer_identity_and_result_returns (test_tool_request_bridge.ToolRequestBridgeTests.test_authenticated_tool_request_reaches_handler_with_peer_identity_and_result_returns) ... ok
test_handler_failure_answers_outcome_unknown_and_slow_handler_does_not_block_state (test_tool_request_bridge.ToolRequestBridgeTests.test_handler_failure_answers_outcome_unknown_and_slow_handler_does_not_block_state) ... ok
test_hello_role_comes_from_the_token_not_the_claim (test_tool_request_bridge.ToolRequestBridgeTests.test_hello_role_comes_from_the_token_not_the_claim) ... ok
test_malformed_identifiers_get_no_result_and_no_handler_call (test_tool_request_bridge.ToolRequestBridgeTests.test_malformed_identifiers_get_no_result_and_no_handler_call) ... ok
test_session_mismatch_is_rejected_without_calling_the_handler (test_tool_request_bridge.ToolRequestBridgeTests.test_session_mismatch_is_rejected_without_calling_the_handler) ... ok
test_without_handler_the_request_is_rejected (test_tool_request_bridge.ToolRequestBridgeTests.test_without_handler_the_request_is_rejected) ... ok

----------------------------------------------------------------------
Ran 52 tests in 52.711s

OK (skipped=1)
== suite tests/bridge rc=0 2026-10-09T02:55:16+09:00
== suite tests/gates/g1_vt start 2026-10-09T02:55:16+09:00
test_arbitrary_inherited_herdr_selector_is_removed_before_version_preflight (test_closure_independent.OuterBoundaryRegressionTests.test_arbitrary_inherited_herdr_selector_is_removed_before_version_preflight) ... ok
test_invalid_missing_or_extra_child_pid_cannot_prove_three_live_panes (test_closure_independent.OuterBoundaryRegressionTests.test_invalid_missing_or_extra_child_pid_cannot_prove_three_live_panes) ... ok
test_self_consistent_children_do_not_hide_wrong_plain_outer_geometry (test_closure_independent.OuterBoundaryRegressionTests.test_self_consistent_children_do_not_hide_wrong_plain_outer_geometry) ... ok
test_byte_fragmented_private_cpr_origin_and_resize_do_not_invent_996_reply (test_closure_independent.PrivateQueryRegressionTests.test_byte_fragmented_private_cpr_origin_and_resize_do_not_invent_996_reply) ... ok
test_private_dsr_keeps_public_reply_fifo_under_partial_writes (test_closure_independent.PrivateQueryRegressionTests.test_private_dsr_keeps_public_reply_fifo_under_partial_writes) ... ok
test_rgb_overlay_preserves_wide_text_styles_and_cursor_on_redraw (test_closure_independent.RgbDrawRegressionTests.test_rgb_overlay_preserves_wide_text_styles_and_cursor_on_redraw) ... ok
test_exact_color_and_emphasis_mapping (test_closure_predicates.ColorEvidenceTests.test_exact_color_and_emphasis_mapping) ... ok
test_private_cpr_and_unknown_private_dsr_are_not_public_claims (test_closure_predicates.ColorEvidenceTests.test_private_cpr_and_unknown_private_dsr_are_not_public_claims) ... ok
test_rgb_style_keeps_foreground_background_and_emphasis (test_closure_predicates.ColorEvidenceTests.test_rgb_style_keeps_foreground_background_and_emphasis) ... ok
test_static_parser_only_unmatched_and_dirty_results_cannot_pass (test_closure_predicates.ColorEvidenceTests.test_static_parser_only_unmatched_and_dirty_results_cannot_pass) ... ok
test_freshness_cross_route_geometry_restore_and_cleanup_required (test_closure_predicates.OuterEvidenceTests.test_freshness_cross_route_geometry_restore_and_cleanup_required) ... ok
test_herdr_outer_geometry_and_initial_restored_geometry_required (test_closure_predicates.OuterEvidenceTests.test_herdr_outer_geometry_and_initial_restored_geometry_required) ... ok
test_exited_child_is_removed_from_ui_selector_after_empty_read (test_g1_candidate.PaneLifecycleTests.test_exited_child_is_removed_from_ui_selector_after_empty_read) ... ok
test_f10_exits_while_focused_child_input_queue_is_saturated (test_g1_candidate.PaneLifecycleTests.test_f10_exits_while_focused_child_input_queue_is_saturated) ... ok
test_large_valid_paste_is_delivered_once_after_prior_input_and_query_reply (test_g1_candidate.PaneLifecycleTests.test_large_valid_paste_is_delivered_once_after_prior_input_and_query_reply) ... ok
test_pty_query_replies_retry_zero_and_partial_writes_in_original_order (test_g1_candidate.PaneLifecycleTests.test_pty_query_replies_retry_zero_and_partial_writes_in_original_order) ... ok
test_rejected_paste_is_atomic_and_explained_when_oversize_or_queue_has_no_room (test_g1_candidate.PaneLifecycleTests.test_rejected_paste_is_atomic_and_explained_when_oversize_or_queue_has_no_room) ... ok
test_bracketed_paste_keeps_literal_ui_key_bytes (test_g1_candidate.PtyAndInputTests.test_bracketed_paste_keeps_literal_ui_key_bytes) ... ok
test_close_reaps_running_child (test_g1_candidate.PtyAndInputTests.test_close_reaps_running_child) ... ok
test_focus_key_is_consumed_and_bracketed_paste_is_forwarded (test_g1_candidate.PtyAndInputTests.test_focus_key_is_consumed_and_bracketed_paste_is_forwarded) ... ok
test_incomplete_function_key_is_forwarded_after_timeout (test_g1_candidate.PtyAndInputTests.test_incomplete_function_key_is_forwarded_after_timeout) ... ok
test_large_input_to_nonreading_child_does_not_block_ui (test_g1_candidate.PtyAndInputTests.test_large_input_to_nonreading_child_does_not_block_ui) ... ok
test_large_paste_drains_losslessly_after_child_resumes_reading (test_g1_candidate.PtyAndInputTests.test_large_paste_drains_losslessly_after_child_resumes_reading) ... ok
test_real_pty_query_reply_uses_child_input_not_display_text (test_g1_candidate.PtyAndInputTests.test_real_pty_query_reply_uses_child_input_not_display_text) ... ok
test_real_pty_resize_and_output (test_g1_candidate.PtyAndInputTests.test_real_pty_resize_and_output) ... ok
test_repeated_input_to_blocked_child_reports_backpressure_at_small_cap (test_g1_candidate.PtyAndInputTests.test_repeated_input_to_blocked_child_reports_backpressure_at_small_cap) ... ok
test_split_paste_end_after_timeout_restores_ui_key_handling (test_g1_candidate.PtyAndInputTests.test_split_paste_end_after_timeout_restores_ui_key_handling) ... ok
test_split_paste_start_after_timeout_never_turns_content_into_ui_keys (test_g1_candidate.PtyAndInputTests.test_split_paste_start_after_timeout_never_turns_content_into_ui_keys) ... ok
test_device_status_cursor_and_device_attribute_replies (test_g1_candidate.TerminalScreenTests.test_device_status_cursor_and_device_attribute_replies) ... ok
test_resize_in_alternate_screen_restores_primary_at_new_size (test_g1_candidate.TerminalScreenTests.test_resize_in_alternate_screen_restores_primary_at_new_size) ... ok
test_scrollback_can_page_and_restore (test_g1_candidate.TerminalScreenTests.test_scrollback_can_page_and_restore) ... ok
test_unicode_truecolor_alt_screen_and_restore (test_g1_candidate.TerminalScreenTests.test_unicode_truecolor_alt_screen_and_restore) ... ok
test_wide_korean_glyph_uses_two_cells_without_losing_next_character (test_g1_candidate.TerminalScreenTests.test_wide_korean_glyph_uses_two_cells_without_losing_next_character) ... ok
test_old_screen_content_with_no_post_resize_bytes_is_not_redraw (test_live_resize_evidence.ResizeEvidenceTests.test_old_screen_content_with_no_post_resize_bytes_is_not_redraw) ... ok
test_provider_must_receive_original_draft_and_suffix_in_one_user_message (test_live_resize_evidence.ResizeEvidenceTests.test_provider_must_receive_original_draft_and_suffix_in_one_user_message) ... ok
test_three_pane_requires_three_stable_distinct_pids (test_live_resize_evidence.ResizeEvidenceTests.test_three_pane_requires_three_stable_distinct_pids) ... ok
test_approval_preview_is_not_tool_output (test_live_runtime_probe.LiveRuntimePredicateTests.test_approval_preview_is_not_tool_output) ... ok
test_approval_requires_artifact_absent_at_send_time (test_live_runtime_probe.LiveRuntimePredicateTests.test_approval_requires_artifact_absent_at_send_time) ... ok
test_approval_surface_observation_excludes_composer (test_live_runtime_probe.LiveRuntimePredicateTests.test_approval_surface_observation_excludes_composer) ... ok
test_cli_success_only_describes_approval_tool_roundtrip (test_live_runtime_probe.LiveRuntimePredicateTests.test_cli_success_only_describes_approval_tool_roundtrip) ... ok
test_no_resize_stop_continue_control_invalidates_redraw_claim (test_live_runtime_probe.LiveRuntimePredicateTests.test_no_resize_stop_continue_control_invalidates_redraw_claim) ... ok
test_pre_resize_drain_feeds_stale_output_before_resize (test_live_runtime_probe.LiveRuntimePredicateTests.test_pre_resize_drain_feeds_stale_output_before_resize) ... ok
test_stale_pre_resize_output_cannot_count_as_child_redraw (test_live_runtime_probe.LiveRuntimePredicateTests.test_stale_pre_resize_output_cannot_count_as_child_redraw) ... ok
test_zero_input_queue_only_counts_with_noncanonical_tty (test_live_runtime_probe.LiveRuntimePredicateTests.test_zero_input_queue_only_counts_with_noncanonical_tty) ... ok
test_complete_boundary_observation_is_accepted (test_outer_tmux_predicates.OuterTmuxPredicateTests.test_complete_boundary_observation_is_accepted) ... ok
test_cross_pane_marker_rejects_success (test_outer_tmux_predicates.OuterTmuxPredicateTests.test_cross_pane_marker_rejects_success) ... ok
test_incomplete_paste_rejects_success (test_outer_tmux_predicates.OuterTmuxPredicateTests.test_incomplete_paste_rejects_success) ... ok
test_local_restore_requires_real_alternate_lifecycle_and_eof (test_outer_tmux_predicates.OuterTmuxPredicateTests.test_local_restore_requires_real_alternate_lifecycle_and_eof) ... ok
test_stale_pane_text_cannot_prove_fresh_routing_or_paste (test_outer_tmux_predicates.OuterTmuxPredicateTests.test_stale_pane_text_cannot_prove_fresh_routing_or_paste) ... ok
test_wrong_child_geometry_and_changed_pids_reject_success (test_outer_tmux_predicates.OuterTmuxPredicateTests.test_wrong_child_geometry_and_changed_pids_reject_success) ... ok
test_queued_exit_bytes_are_fed_before_eof_is_reported (test_outer_tmux_predicates.PostExitDrainTests.test_queued_exit_bytes_are_fed_before_eof_is_reported) ... ok
test_host_echo_before_omp_redraw_requires_complete_same_size_frame (test_outer_tmux_predicates.StageFrameTests.test_host_echo_before_omp_redraw_requires_complete_same_size_frame) ... ok
test_missing_or_contradictory_frame_evidence_never_settles (test_outer_tmux_predicates.StageFrameTests.test_missing_or_contradictory_frame_evidence_never_settles) ... ok
test_composer_text_mentioning_approval_does_not_prove_native_approval (test_resize_probe_predicates.NormalResizeEvidenceTests.test_composer_text_mentioning_approval_does_not_prove_native_approval) ... ok
test_failed_setup_cannot_serve_as_a_negative_resize_control (test_resize_probe_predicates.NormalResizeEvidenceTests.test_failed_setup_cannot_serve_as_a_negative_resize_control) ... ok
test_fresh_unrelated_status_text_is_not_native_approval_redraw (test_resize_probe_predicates.NormalResizeEvidenceTests.test_fresh_unrelated_status_text_is_not_native_approval_redraw) ... ok
test_transcript_marker_does_not_prove_current_composer_draft (test_resize_probe_predicates.NormalResizeEvidenceTests.test_transcript_marker_does_not_prove_current_composer_draft) ... ok
test_clean_geometry_and_routing_fixture_is_accepted (test_resize_probe_predicates.ThreePaneEvidenceTests.test_clean_geometry_and_routing_fixture_is_accepted) ... ok
test_initial_cross_routing_cannot_be_erased_by_later_clean_frames (test_resize_probe_predicates.ThreePaneEvidenceTests.test_initial_cross_routing_cannot_be_erased_by_later_clean_frames) ... ok
test_live_success_requires_every_reported_child_to_be_cleaned (test_resize_probe_predicates.ThreePaneEvidenceTests.test_live_success_requires_every_reported_child_to_be_cleaned) ... ok
test_wrong_initial_outer_or_child_geometry_is_rejected (test_resize_probe_predicates.ThreePaneEvidenceTests.test_wrong_initial_outer_or_child_geometry_is_rejected) ... ok
test_alternate_screen_margins_do_not_leak_to_primary (test_vt_su_sd.ScrollUpDownTests.test_alternate_screen_margins_do_not_leak_to_primary) ... ok
test_alternate_screen_scrolls_alternate_only (test_vt_su_sd.ScrollUpDownTests.test_alternate_screen_scrolls_alternate_only) ... ok
test_blank_lines_default_attrs_when_cursor_default (test_vt_su_sd.ScrollUpDownTests.test_blank_lines_default_attrs_when_cursor_default) ... ok
test_blank_lines_use_cursor_background (test_vt_su_sd.ScrollUpDownTests.test_blank_lines_use_cursor_background) ... ok
test_count_equal_region_height_clears_region (test_vt_su_sd.ScrollUpDownTests.test_count_equal_region_height_clears_region) ... ok
test_count_larger_than_region_clears_region_only (test_vt_su_sd.ScrollUpDownTests.test_count_larger_than_region_clears_region_only) ... ok
test_cursor_position_unchanged_even_outside_margins (test_vt_su_sd.ScrollUpDownTests.test_cursor_position_unchanged_even_outside_margins) ... ok
test_dirty_rows_are_marked (test_vt_su_sd.ScrollUpDownTests.test_dirty_rows_are_marked) ... ok
test_explicit_count (test_vt_su_sd.ScrollUpDownTests.test_explicit_count) ... ok
test_history_consistent_with_index_and_reverse_index (test_vt_su_sd.ScrollUpDownTests.test_history_consistent_with_index_and_reverse_index) ... ok
test_moved_lines_keep_their_attributes (test_vt_su_sd.ScrollUpDownTests.test_moved_lines_keep_their_attributes) ... ok
test_private_and_multi_param_forms_are_ignored (test_vt_su_sd.ScrollUpDownTests.test_private_and_multi_param_forms_are_ignored) ... ok
test_scroll_ignores_cursor_when_outside_region (test_vt_su_sd.ScrollUpDownTests.test_scroll_ignores_cursor_when_outside_region) ... ok
test_sd_blank_lines_use_cursor_background_within_margins (test_vt_su_sd.ScrollUpDownTests.test_sd_blank_lines_use_cursor_background_within_margins) ... ok
test_sd_default_scrolls_one_line_full_screen (test_vt_su_sd.ScrollUpDownTests.test_sd_default_scrolls_one_line_full_screen) ... ok
test_sd_then_su_round_trip_restores_middle (test_vt_su_sd.ScrollUpDownTests.test_sd_then_su_round_trip_restores_middle) ... ok
test_sd_within_margins_leaves_outside_rows (test_vt_su_sd.ScrollUpDownTests.test_sd_within_margins_leaves_outside_rows) ... ok
test_su_default_scrolls_one_line_full_screen (test_vt_su_sd.ScrollUpDownTests.test_su_default_scrolls_one_line_full_screen) ... ok
test_su_ncurses_pattern_single_feed_and_chunked (test_vt_su_sd.ScrollUpDownTests.test_su_ncurses_pattern_single_feed_and_chunked) ... ok
test_su_su_ncurses_pattern (test_vt_su_sd.ScrollUpDownTests.test_su_su_ncurses_pattern) ... ok
test_su_within_margins_leaves_outside_rows (test_vt_su_sd.ScrollUpDownTests.test_su_within_margins_leaves_outside_rows) ... ok
test_zero_param_means_one (test_vt_su_sd.ScrollUpDownTests.test_zero_param_means_one) ... ok
test_fitting_wide_continuation_and_combining_cell_are_preserved (test_wide_boundary.WideBoundaryTests.test_fitting_wide_continuation_and_combining_cell_are_preserved) ... ok
test_resize_clipped_wide_lead_never_overwrites_border (test_wide_boundary.WideBoundaryTests.test_resize_clipped_wide_lead_never_overwrites_border) ... ok

----------------------------------------------------------------------
Ran 85 tests in 1.536s

OK
== suite tests/gates/g1_vt rc=0 2026-10-09T02:55:18+09:00
== suite tests/gates/g2_shell start 2026-10-09T02:55:18+09:00
test_lost_and_delayed_takeover_ack_keep_request_and_confirmation_separate (test_canonical_matrix_integration.CanonicalMatrixIntegrationTests.test_lost_and_delayed_takeover_ack_keep_request_and_confirmation_separate) ... ok
test_missing_exec_boundary_is_detected_by_each_live_matrix_and_cannot_rearm (test_canonical_matrix_integration.CanonicalMatrixIntegrationTests.test_missing_exec_boundary_is_detected_by_each_live_matrix_and_cannot_rearm) ... ok
test_three_matrices_share_live_identities_and_complete_boundaries (test_canonical_matrix_integration.CanonicalMatrixIntegrationTests.test_three_matrices_share_live_identities_and_complete_boundaries) ... ok
test_failed_exec_has_no_start_or_replacement (test_common_run_protocol.CommonRunProtocolTests.test_failed_exec_has_no_start_or_replacement) ... ok
test_literal_argv_and_child_script_exec (test_common_run_protocol.CommonRunProtocolTests.test_literal_argv_and_child_script_exec) ... ok
test_native_stop_continue_does_not_complete_or_restore_parent (test_common_run_protocol.CommonRunProtocolTests.test_native_stop_continue_does_not_complete_or_restore_parent) ... ok
test_new_request_needs_return_manual_ack_and_fresh_observed_wait (test_common_run_protocol.CommonRunProtocolTests.test_new_request_needs_return_manual_ack_and_fresh_observed_wait) ... ok
test_signal_exit_is_not_numeric_shell_exit (test_common_run_protocol.CommonRunProtocolTests.test_signal_exit_is_not_numeric_shell_exit) ... ok
test_child_normal_exit_before_exec_is_not_successful_exec_ack (test_common_run_protocol_independent.IndependentCommonRunProtocolTests.test_child_normal_exit_before_exec_is_not_successful_exec_ack) ... ok
test_failed_foreground_readback_cannot_release_or_execute_prepared_child (test_common_run_protocol_independent.IndependentCommonRunProtocolTests.test_failed_foreground_readback_cannot_release_or_execute_prepared_child) ... ok
test_literal_metacharacters_and_complex_script_stay_in_child_scope (test_common_run_protocol_independent.IndependentCommonRunProtocolTests.test_literal_metacharacters_and_complex_script_stay_in_child_scope) ... ok
test_missing_or_wrong_exec_event_cannot_grant_completion (test_common_run_protocol_independent.IndependentCommonRunProtocolTests.test_missing_or_wrong_exec_event_cannot_grant_completion) ... ok
test_payload_cannot_consume_queued_control_or_recovery_descriptors (test_common_run_protocol_independent.IndependentCommonRunProtocolTests.test_payload_cannot_consume_queued_control_or_recovery_descriptors) ... ok
test_supervisor_and_control_loss_hold_unknown_and_no_replay (test_common_run_protocol_independent.IndependentCommonRunProtocolTests.test_supervisor_and_control_loss_hold_unknown_and_no_replay) ... ok
test_broken_control_pipe_blocks_new_automatic_request (test_control_boundaries.ControlBoundaryTests.test_broken_control_pipe_blocks_new_automatic_request) ... ok
test_failed_initial_cgroup_move_keeps_rollback_residual_visible (test_control_boundaries.ControlBoundaryTests.test_failed_initial_cgroup_move_keeps_rollback_residual_visible) ... ok
test_partial_request_cannot_be_completed_by_takeover (test_control_boundaries.ControlBoundaryTests.test_partial_request_cannot_be_completed_by_takeover) ... ok
test_stale_identity_is_rejected_but_current_request_runs (test_control_boundaries.ControlBoundaryTests.test_stale_identity_is_rejected_but_current_request_runs) ... ok
test_background_work_survives_takeover_without_done (test_control_lifecycle.ControlLifecycleTests.test_background_work_survives_takeover_without_done) ... ok
test_control_eof_cannot_release_queued_foreground_input (test_control_lifecycle.ControlLifecycleTests.test_control_eof_cannot_release_queued_foreground_input) ... ok
test_ctrl_c_at_control_wait_cannot_silently_restore_prompt (test_control_lifecycle.ControlLifecycleTests.test_ctrl_c_at_control_wait_cannot_silently_restore_prompt) ... ok
test_ctrl_c_hold_can_recover_same_shell_without_queued_input (test_control_lifecycle.ControlLifecycleTests.test_ctrl_c_hold_can_recover_same_shell_without_queued_input) ... ok
test_fd8_eof_after_foreground_wait_can_recover_same_shell (test_control_lifecycle.ControlLifecycleTests.test_fd8_eof_after_foreground_wait_can_recover_same_shell) ... ok
test_foreground_input_spill_never_executes_at_manual_prompt (test_control_lifecycle.ControlLifecycleTests.test_foreground_input_spill_never_executes_at_manual_prompt) ... ok
test_foreground_stays_controllable_before_shell_takeover_ack (test_control_lifecycle.ControlLifecycleTests.test_foreground_stays_controllable_before_shell_takeover_ack) ... ok
test_legacy_direct_eval_ctrl_c_negative_control (test_control_lifecycle.ControlLifecycleTests.test_legacy_direct_eval_ctrl_c_negative_control)
Retain the rejected parent-eval candidate's Bash/dash counterexamples. ... ok
test_legacy_direct_eval_return_negative_control_and_exec_hold (test_control_lifecycle.ControlLifecycleTests.test_legacy_direct_eval_return_negative_control_and_exec_hold)
Parent eval's return leaks input; its exec hold is limited old evidence. ... ok
test_lost_recovery_ack_does_not_confirm_manual_prompt (test_control_lifecycle.ControlLifecycleTests.test_lost_recovery_ack_does_not_confirm_manual_prompt) ... ok
test_reparented_daemon_is_not_reported_done_while_alive (test_control_lifecycle.ControlLifecycleTests.test_reparented_daemon_is_not_reported_done_while_alive) ... ok
test_stale_release_cannot_open_manual_prompt (test_control_lifecycle.ControlLifecycleTests.test_stale_release_cannot_open_manual_prompt) ... ok
test_background_return_is_not_experiment_completion (test_control_probe.ControlWaitExperiment.test_background_return_is_not_experiment_completion) ... ok
test_cleanup_reports_residual_group (test_control_probe.ControlWaitExperiment.test_cleanup_reports_residual_group) ... ok
test_delayed_drain_short_daemon_never_creates_done (test_control_probe.ControlWaitExperiment.test_delayed_drain_short_daemon_never_creates_done) ... ok
test_delegated_control_loss_cleanup_keeps_lifetime_unknown (test_control_probe.ControlWaitExperiment.test_delegated_control_loss_cleanup_keeps_lifetime_unknown) ... ok
test_delegated_manual_phase_daemon_blocks_run (test_control_probe.ControlWaitExperiment.test_delegated_manual_phase_daemon_blocks_run) ... ok
test_delegated_reparented_daemon_lifetime (test_control_probe.ControlWaitExperiment.test_delegated_reparented_daemon_lifetime) ... ok
test_early_ready_hook_cannot_grant_control_before_handoff_wait (test_control_probe.ControlWaitExperiment.test_early_ready_hook_cannot_grant_control_before_handoff_wait) ... ok
test_non_delegated_eval_return_is_not_lifetime_done (test_control_probe.ControlWaitExperiment.test_non_delegated_eval_return_is_not_lifetime_done) ... skipped 'delegated scope is available'
test_same_interpreter_preserves_state_without_prompt_reentry (test_control_probe.ControlWaitExperiment.test_same_interpreter_preserves_state_without_prompt_reentry) ... ok
test_takeover_before_and_after_send_blocks_new_requests (test_control_probe.ControlWaitExperiment.test_takeover_before_and_after_send_blocks_new_requests) ... ok
test_takeover_waits_for_shell_migration_and_manual_prompt (test_control_probe.ControlWaitExperiment.test_takeover_waits_for_shell_migration_and_manual_prompt) ... ok
test_unsubmitted_tail_and_background_job_block_request (test_control_probe.ControlWaitExperiment.test_unsubmitted_tail_and_background_job_block_request) ... ok
test_owner_return_requires_fresh_state_check_and_rejects_old_epoch (test_g2_shell.InputBoundaryTests.test_owner_return_requires_fresh_state_check_and_rejects_old_epoch) ... ok
test_ready_before_done_latches_command_uncertainty (test_g2_shell.InputBoundaryTests.test_ready_before_done_latches_command_uncertainty) ... ok
test_stale_ready_cannot_consume_newly_submitted_user_line (test_g2_shell.InputBoundaryTests.test_stale_ready_cannot_consume_newly_submitted_user_line) ... ok
test_failure_repl_interrupt_and_exit_never_become_clean (test_g2_shell.RealShellGateTests.test_failure_repl_interrupt_and_exit_never_become_clean) ... ok
test_handoff_before_last_user_command_does_not_authorize_dispatch (test_g2_shell.RealShellGateTests.test_handoff_before_last_user_command_does_not_authorize_dispatch) ... ok
test_handoff_text_inside_ps2_does_not_authorize_dispatch (test_g2_shell.RealShellGateTests.test_handoff_text_inside_ps2_does_not_authorize_dispatch) ... ok
test_legacy_prompt_builtin_override_negative_control (test_g2_shell.RealShellGateTests.test_legacy_prompt_builtin_override_negative_control)
Internal-helper tampering exposes the removed prompt dispatch path. ... ok
test_legacy_prompt_dash_jobs_override_negative_control (test_g2_shell.RealShellGateTests.test_legacy_prompt_dash_jobs_override_negative_control) ... ok
test_legacy_prompt_dash_post_snapshot_job_negative_control (test_g2_shell.RealShellGateTests.test_legacy_prompt_dash_post_snapshot_job_negative_control) ... ok
test_legacy_prompt_unfinished_hook_negative_control (test_g2_shell.RealShellGateTests.test_legacy_prompt_unfinished_hook_negative_control)
A forged READY authorizes a write before the old prompt hook completes. ... ok
test_lost_hook_and_cancel_remain_blocked_after_handoff (test_g2_shell.RealShellGateTests.test_lost_hook_and_cancel_remain_blocked_after_handoff) ... ok
test_lost_prompt_hook_keeps_auto_dispatch_blocked (test_g2_shell.RealShellGateTests.test_lost_prompt_hook_keeps_auto_dispatch_blocked) ... ok
test_manual_background_job_before_owner_return_blocks_auto_dispatch (test_g2_shell.RealShellGateTests.test_manual_background_job_before_owner_return_blocks_auto_dispatch) ... ok
test_manual_background_job_remains_blocked_after_handoff (test_g2_shell.RealShellGateTests.test_manual_background_job_remains_blocked_after_handoff) ... ok
test_manual_cd_export_requires_direct_handoff_in_the_same_shell (test_g2_shell.RealShellGateTests.test_manual_cd_export_requires_direct_handoff_in_the_same_shell) ... ok
test_manual_suspended_job_remains_blocked_after_handoff (test_g2_shell.RealShellGateTests.test_manual_suspended_job_remains_blocked_after_handoff) ... ok
test_nested_interactive_shell_latches_unknown (test_g2_shell.RealShellGateTests.test_nested_interactive_shell_latches_unknown) ... ok
test_nested_shell_handoff_cannot_authorize_parent_dispatch (test_g2_shell.RealShellGateTests.test_nested_shell_handoff_cannot_authorize_parent_dispatch) ... ok
test_prompt_hook_job_after_handoff_snapshot_blocks_auto_dispatch (test_g2_shell.RealShellGateTests.test_prompt_hook_job_after_handoff_snapshot_blocks_auto_dispatch) ... ok
test_real_current_shell_jobs_fd9_reports_background_and_suspend (test_g2_shell.RealShellGateTests.test_real_current_shell_jobs_fd9_reports_background_and_suspend) ... ok
test_redefined_prompt_function_job_after_handoff_blocks_auto_dispatch (test_g2_shell.RealShellGateTests.test_redefined_prompt_function_job_after_handoff_blocks_auto_dispatch) ... ok
test_unsubmitted_tail_after_handoff_blocks_auto_dispatch (test_g2_shell.RealShellGateTests.test_unsubmitted_tail_after_handoff_blocks_auto_dispatch) ... ok
test_unsubmitted_user_line_and_paste_fail_closed (test_g2_shell.RealShellGateTests.test_unsubmitted_user_line_and_paste_fail_closed) ... ok
test_unterminated_manual_quote_keeps_auto_dispatch_blocked (test_g2_shell.RealShellGateTests.test_unterminated_manual_quote_keeps_auto_dispatch_blocked) ... ok
test_bash_is_preferred_and_sh_is_fixed_fallback (test_g2_shell.ShellSelectionTests.test_bash_is_preferred_and_sh_is_fixed_fallback) ... ok
test_startup_requirement_when_bash_and_sh_are_absent (test_g2_shell.ShellSelectionTests.test_startup_requirement_when_bash_and_sh_are_absent) ... ok
test_run_bytes_do_not_touch_line_state_but_void_a_prior_handoff (test_input_boundary_independent_p27.ExperimentInputUnderConfirmedTakeover.test_run_bytes_do_not_touch_line_state_but_void_a_prior_handoff) ... ok
test_stale_owner_epoch_cannot_dispatch (test_input_boundary_independent_p27.ExperimentInputUnderConfirmedTakeover.test_stale_owner_epoch_cannot_dispatch) ... ok
test_clean_handoff_after_consumed_edits_is_accepted (test_input_boundary_independent_p27.HandoffIsNotTrustedFromUncertainInput.test_clean_handoff_after_consumed_edits_is_accepted) ... ok
test_control_ready_of_another_pid_or_without_handoff_is_ignored (test_input_boundary_independent_p27.HandoffIsNotTrustedFromUncertainInput.test_control_ready_of_another_pid_or_without_handoff_is_ignored) ... ok
test_extra_typed_line_after_handoff_breaks_the_single_line_rule (test_input_boundary_independent_p27.HandoffIsNotTrustedFromUncertainInput.test_extra_typed_line_after_handoff_breaks_the_single_line_rule) ... ok
test_handoff_typed_before_the_interrupt_prompt_arrived (test_input_boundary_independent_p27.HandoffIsNotTrustedFromUncertainInput.test_handoff_typed_before_the_interrupt_prompt_arrived) ... ok
test_manual_bytes_require_the_user_owner (test_input_boundary_independent_p27.HandoffIsNotTrustedFromUncertainInput.test_manual_bytes_require_the_user_owner) ... ok
test_typeahead_to_a_program_that_becomes_wb_handoff (test_input_boundary_independent_p27.HandoffIsNotTrustedFromUncertainInput.test_typeahead_to_a_program_that_becomes_wb_handoff) ... ok
test_session_latch_from_target_unknown_bytes_never_clears (test_input_boundary_independent_p27.LatchIsNotClearedByOtherEvents.test_session_latch_from_target_unknown_bytes_never_clears) ... ok
test_uncertain_pending_line_survives_every_non_ready_event (test_input_boundary_independent_p27.LatchIsNotClearedByOtherEvents.test_uncertain_pending_line_survives_every_non_ready_event) ... ok
test_aggregate_reports_no_t_parent_wait_as_inconclusive (test_live_combined_boundary_predicates.CombinedInputReturnPredicatesTest.test_aggregate_reports_no_t_parent_wait_as_inconclusive) ... ok
test_aggregate_treats_missing_cont_event_as_failure (test_live_combined_boundary_predicates.CombinedInputReturnPredicatesTest.test_aggregate_treats_missing_cont_event_as_failure) ... ok
test_child_return_and_exec_keep_parent_and_input_barriers (test_live_combined_boundary_predicates.CombinedInputReturnPredicatesTest.test_child_return_and_exec_keep_parent_and_input_barriers)
Current child execution must reject the legacy eval escape mechanism. ... ok
test_cont_cell_rejects_missing_signal_event (test_live_combined_boundary_predicates.CombinedInputReturnPredicatesTest.test_cont_cell_rejects_missing_signal_event) ... ok
test_current_control_wait_rejects_incompatible_prompt_and_trap (test_live_combined_boundary_predicates.CombinedInputReturnPredicatesTest.test_current_control_wait_rejects_incompatible_prompt_and_trap)
No prompt readiness snapshot may bypass current admission checks. ... ok
test_early_release_signals_are_consumed_once_each (test_live_combined_boundary_predicates.CombinedInputReturnPredicatesTest.test_early_release_signals_are_consumed_once_each) ... ok
test_errexit_preserves_control_status_and_preexisting_int_trap (test_live_combined_boundary_predicates.CombinedInputReturnPredicatesTest.test_errexit_preserves_control_status_and_preexisting_int_trap) ... ok
test_missing_both_flushes_exposes_stale_input (test_live_combined_boundary_predicates.CombinedInputReturnPredicatesTest.test_missing_both_flushes_exposes_stale_input) ... ok
test_missing_child_ready_never_sends_interrupt (test_live_combined_boundary_predicates.CombinedInputReturnPredicatesTest.test_missing_child_ready_never_sends_interrupt) ... ok
test_missing_signal_delivery_times_out_for_each_native_signal (test_live_combined_boundary_predicates.CombinedInputReturnPredicatesTest.test_missing_signal_delivery_times_out_for_each_native_signal) ... ok
test_parent_wait_ctrl_c_stays_in_control_and_restores_int_trap (test_live_combined_boundary_predicates.CombinedInputReturnPredicatesTest.test_parent_wait_ctrl_c_stays_in_control_and_restores_int_trap) ... ok
test_parent_wait_tstp_requires_a_real_stopped_state (test_live_combined_boundary_predicates.CombinedInputReturnPredicatesTest.test_parent_wait_tstp_requires_a_real_stopped_state) ... ok
test_running_child_ctrl_c_keeps_no_tail_and_reap_barriers (test_live_combined_boundary_predicates.CombinedInputReturnPredicatesTest.test_running_child_ctrl_c_keeps_no_tail_and_reap_barriers) ... ok
test_split_cleanup_rediscovers_descendant_after_unregistered_sets_id_failure (test_live_combined_boundary_predicates.CombinedInputReturnPredicatesTest.test_split_cleanup_rediscovers_descendant_after_unregistered_sets_id_failure) ... ok
test_split_failed_foreground_restore_never_continues (test_live_combined_boundary_predicates.CombinedInputReturnPredicatesTest.test_split_failed_foreground_restore_never_continues) ... ok
test_split_foreground_int_quit_preserve_observer_and_live_sets_id_descendant (test_live_combined_boundary_predicates.CombinedInputReturnPredicatesTest.test_split_foreground_int_quit_preserve_observer_and_live_sets_id_descendant) ... ok
test_split_missing_prepared_barrier_never_injects_tstp (test_live_combined_boundary_predicates.CombinedInputReturnPredicatesTest.test_split_missing_prepared_barrier_never_injects_tstp) ... ok
test_split_suspend_exit148_and_parent_native_noop (test_live_combined_boundary_predicates.CombinedInputReturnPredicatesTest.test_split_suspend_exit148_and_parent_native_noop) ... ok
test_start_and_return_signal_matrix_keeps_causal_barriers (test_live_combined_boundary_predicates.CombinedInputReturnPredicatesTest.test_start_and_return_signal_matrix_keeps_causal_barriers) ... ok
test_unrelated_live_pid_cannot_claim_child_ready (test_live_combined_boundary_predicates.CombinedInputReturnPredicatesTest.test_unrelated_live_pid_cannot_claim_child_ready) ... ok
test_wrong_signal_and_delivery_error_do_not_pass_cell (test_live_combined_boundary_predicates.CombinedInputReturnPredicatesTest.test_wrong_signal_and_delivery_error_do_not_pass_cell) ... ok
test_changed_positive_start_time_cannot_pass (test_live_env_launch_predicates.EnvLaunchPredicatesTest.test_changed_positive_start_time_cannot_pass) ... ok
test_child_identity_is_live_after_exec_before_release (test_live_env_launch_predicates.EnvLaunchPredicatesTest.test_child_identity_is_live_after_exec_before_release) ... ok
test_duplicate_child_ready_cannot_pass (test_live_env_launch_predicates.EnvLaunchPredicatesTest.test_duplicate_child_ready_cannot_pass) ... ok
test_environment_and_venv_preserve_parent_after_takeover (test_live_env_launch_predicates.EnvLaunchPredicatesTest.test_environment_and_venv_preserve_parent_after_takeover) ... ok
test_incompatible_hooks_reject_before_experiment_start (test_live_env_launch_predicates.EnvLaunchPredicatesTest.test_incompatible_hooks_reject_before_experiment_start) ... ok
test_invalid_child_identity_or_exe_is_rejected (test_live_env_launch_predicates.EnvLaunchPredicatesTest.test_invalid_child_identity_or_exe_is_rejected) ... ok
test_pinned_fallback_literal_argv_and_unavailable_conda (test_live_env_launch_predicates.EnvLaunchPredicatesTest.test_pinned_fallback_literal_argv_and_unavailable_conda) ... ok
test_wrong_actual_shell_rejected_with_unchanged_launch_event (test_live_env_launch_predicates.EnvLaunchPredicatesTest.test_wrong_actual_shell_rejected_with_unchanged_launch_event) ... ok
test_always_allow_candidate_fails_the_live_residue_hold (test_live_hook_env_predicates.HookEnvPredicatesTest.test_always_allow_candidate_fails_the_live_residue_hold) ... ok
test_always_deny_candidate_fails_the_supported_post_cleanup_case (test_live_hook_env_predicates.HookEnvPredicatesTest.test_always_deny_candidate_fails_the_supported_post_cleanup_case) ... ok
test_cleanup_failures_restore_subreaper_and_propagate_original_error (test_live_hook_env_predicates.HookEnvPredicatesTest.test_cleanup_failures_restore_subreaper_and_propagate_original_error) ... ok
test_owned_manual_residue_holds_then_same_parent_recheck_proceeds (test_live_hook_env_predicates.HookEnvPredicatesTest.test_owned_manual_residue_holds_then_same_parent_recheck_proceeds) ... ok
test_restore_omitting_cleanup_mutation_is_detected (test_live_hook_env_predicates.HookEnvPredicatesTest.test_restore_omitting_cleanup_mutation_is_detected) ... ok
test_user_confirmation_cannot_clear_the_live_unknown_scope (test_live_hook_env_predicates.HookEnvPredicatesTest.test_user_confirmation_cannot_clear_the_live_unknown_scope) ... ok
test_all_deny_candidate_fails_normal_admission_control (test_live_input_jobs_predicates.InputJobsPredicatesTest.test_all_deny_candidate_fails_normal_admission_control) ... ok
test_control_ready_cannot_clear_jobs_or_pasted_and_partial_input (test_live_input_jobs_predicates.InputJobsPredicatesTest.test_control_ready_cannot_clear_jobs_or_pasted_and_partial_input) ... ok
test_control_ready_requires_completed_job_probe_and_current_parent (test_live_input_jobs_predicates.InputJobsPredicatesTest.test_control_ready_requires_completed_job_probe_and_current_parent) ... ok
test_invalid_or_incomplete_completion_cannot_clear_the_active_command (test_live_input_jobs_predicates.InputJobsPredicatesTest.test_invalid_or_incomplete_completion_cannot_clear_the_active_command) ... ok
test_missing_flush_exposes_the_rejected_handoff_trailing_line (test_live_input_jobs_predicates.InputJobsPredicatesTest.test_missing_flush_exposes_the_rejected_handoff_trailing_line) ... ok
test_missing_or_reordered_completion_stays_closed_after_fresh_handoff (test_live_input_jobs_predicates.InputJobsPredicatesTest.test_missing_or_reordered_completion_stays_closed_after_fresh_handoff) ... ok
test_second_dispatch_cannot_bypass_a_rejected_guard (test_live_input_jobs_predicates.InputJobsPredicatesTest.test_second_dispatch_cannot_bypass_a_rejected_guard) ... ok
test_second_handoff_and_dispatch_use_the_same_parent_after_input_return (test_live_input_jobs_predicates.InputJobsPredicatesTest.test_second_handoff_and_dispatch_use_the_same_parent_after_input_return) ... ok
test_general_input_bypass_leaks_without_ack_confirmation (test_live_takeover_predicates.TakeoverPredicatesTest.test_general_input_bypass_leaks_without_ack_confirmation) ... ok
test_lost_and_delayed_ack_do_not_replay_the_request (test_live_takeover_predicates.TakeoverPredicatesTest.test_lost_and_delayed_ack_do_not_replay_the_request) ... ok
test_missing_input_flush_exposes_a_stale_marker_at_the_parent_prompt (test_live_takeover_predicates.TakeoverPredicatesTest.test_missing_input_flush_exposes_a_stale_marker_at_the_parent_prompt) ... ok
test_missing_per_chunk_revalidation_leaks_tail_at_the_parent_prompt (test_live_takeover_predicates.TakeoverPredicatesTest.test_missing_per_chunk_revalidation_leaks_tail_at_the_parent_prompt) ... ok
test_missing_retry_revalidation_leaks_after_first_eagain_or_zero_write (test_live_takeover_predicates.TakeoverPredicatesTest.test_missing_retry_revalidation_leaks_after_first_eagain_or_zero_write) ... ok
test_partial_write_withholds_tail_after_observed_foreground_exit (test_live_takeover_predicates.TakeoverPredicatesTest.test_partial_write_withholds_tail_after_observed_foreground_exit) ... ok
test_ready_without_ack_is_rejected_as_a_confirmation (test_live_takeover_predicates.TakeoverPredicatesTest.test_ready_without_ack_is_rejected_as_a_confirmation) ... ok
test_zero_progress_retry_withholds_input_after_foreground_exit (test_live_takeover_predicates.TakeoverPredicatesTest.test_zero_progress_retry_withholds_input_after_foreground_exit) ... ok
test_default_wire_and_invalid_bounds (test_return_deadline.ReturnDeadlineTests.test_default_wire_and_invalid_bounds) ... ok
test_long_main_and_legacy_short_bound_both_complete (test_return_deadline.ReturnDeadlineTests.test_long_main_and_legacy_short_bound_both_complete) ... ok
test_default_foreground_quit_loses_observer_while_descendant_is_live (test_split_pg_control.SplitProcessGroupInputReturnTest.test_default_foreground_quit_loses_observer_while_descendant_is_live) ... ok
test_missing_flush_exposes_real_marker_after_parent_reads_new_input (test_split_pg_control.SplitProcessGroupInputReturnTest.test_missing_flush_exposes_real_marker_after_parent_reads_new_input) ... ok
test_numeric_and_signal_statuses_have_same_parent_code_but_distinct_main_facts (test_split_pg_control.SplitProcessGroupInputReturnTest.test_numeric_and_signal_statuses_have_same_parent_code_but_distinct_main_facts) ... ok
test_single_cleanup_snapshot_misses_adopted_sets_id_descendant (test_split_pg_control.SplitProcessGroupInputReturnTest.test_single_cleanup_snapshot_misses_adopted_sets_id_descendant) ... ok
test_adoption_must_point_to_this_supervisor (test_subreaper_lifetime_predicates.SubreaperLifetimePredicatesTest.test_adoption_must_point_to_this_supervisor) ... ok
test_empty_wait_requires_echild_after_reap (test_subreaper_lifetime_predicates.SubreaperLifetimePredicatesTest.test_empty_wait_requires_echild_after_reap) ... ok
test_live_descendant_cannot_be_reported_as_empty (test_subreaper_lifetime_predicates.SubreaperLifetimePredicatesTest.test_live_descendant_cannot_be_reported_as_empty) ... ok
test_pid_start_time_must_match_live_process (test_subreaper_lifetime_predicates.SubreaperLifetimePredicatesTest.test_pid_start_time_must_match_live_process) ... ok
test_real_observation_succeeds_and_cleans_up (test_subreaper_lifetime_predicates.SubreaperLifetimePredicatesTest.test_real_observation_succeeds_and_cleans_up) ... ok
test_reaped_descendant_must_have_expected_pid_and_exit (test_subreaper_lifetime_predicates.SubreaperLifetimePredicatesTest.test_reaped_descendant_must_have_expected_pid_and_exit) ... ok
test_reported_residual_process_prevents_completion (test_subreaper_lifetime_predicates.SubreaperLifetimePredicatesTest.test_reported_residual_process_prevents_completion) ... ok

----------------------------------------------------------------------
Ran 142 tests in 118.467s

OK (skipped=1)
== suite tests/gates/g2_shell rc=0 2026-10-09T02:57:16+09:00
== suite tests/gates/g3_omp start 2026-10-09T02:57:16+09:00
test_a_paused_request_has_no_automatic_replay_after_resume (test_g3_protocol.DeliveryLedgerTests.test_a_paused_request_has_no_automatic_replay_after_resume) ... ok
test_a_pre_pause_deferred_request_is_not_replayed_after_resume (test_g3_protocol.DeliveryLedgerTests.test_a_pre_pause_deferred_request_is_not_replayed_after_resume) ... ok
test_accepted_message_id_is_not_replayed_on_new_attempt (test_g3_protocol.DeliveryLedgerTests.test_accepted_message_id_is_not_replayed_on_new_attempt) ... ok
test_paused_automatic_delivery_is_deferred_even_when_omp_is_idle (test_g3_protocol.DeliveryLedgerTests.test_paused_automatic_delivery_is_deferred_even_when_omp_is_idle) ... ok
test_session_generation_and_message_direction_are_checked (test_g3_protocol.DeliveryLedgerTests.test_session_generation_and_message_direction_are_checked) ... ok
test_unknown_ack_result_is_not_replayed (test_g3_protocol.DeliveryLedgerTests.test_unknown_ack_result_is_not_replayed) ... ok
test_unknown_busy_pending_approval_and_composer_state_fail_closed (test_g3_protocol.DeliveryLedgerTests.test_unknown_busy_pending_approval_and_composer_state_fail_closed) ... ok
test_api_return_is_not_processing_and_duplicate_must_not_replay (test_tui_contention_predicates.ContentionOutcomeTests.test_api_return_is_not_processing_and_duplicate_must_not_replay) ... ok
test_approval_file_created_before_native_release_cannot_pass (test_tui_contention_predicates.ContentionOutcomeTests.test_approval_file_created_before_native_release_cannot_pass) ... ok
test_denied_native_approval_blocks_success (test_tui_contention_predicates.ContentionOutcomeTests.test_denied_native_approval_blocks_success) ... ok
test_held_generation_change_blocks_success (test_tui_contention_predicates.ContentionOutcomeTests.test_held_generation_change_blocks_success) ... ok
test_missing_native_approval_release_blocks_success (test_tui_contention_predicates.ContentionOutcomeTests.test_missing_native_approval_release_blocks_success) ... ok
test_native_approval_and_busy_hold_then_safe_retry (test_tui_contention_predicates.ContentionOutcomeTests.test_native_approval_and_busy_hold_then_safe_retry) ... ok
test_native_approval_ui_can_hide_composer_while_editor_stays_untouched (test_tui_contention_predicates.ContentionOutcomeTests.test_native_approval_ui_can_hide_composer_while_editor_stays_untouched) ... ok
test_provider_activity_during_hold_blocks_success (test_tui_contention_predicates.ContentionOutcomeTests.test_provider_activity_during_hold_blocks_success) ... ok
test_public_editor_change_during_hold_blocks_success (test_tui_contention_predicates.ContentionOutcomeTests.test_public_editor_change_during_hold_blocks_success) ... ok
test_stale_retry_end_and_other_role_activity_block_success (test_tui_contention_predicates.ContentionOutcomeTests.test_stale_retry_end_and_other_role_activity_block_success) ... ok
test_transient_file_before_native_approval_cannot_pass (test_tui_contention_predicates.ContentionOutcomeTests.test_transient_file_before_native_approval_cannot_pass) ... ok
test_wrong_provider_identity_blocks_success (test_tui_contention_predicates.ContentionOutcomeTests.test_wrong_provider_identity_blocks_success) ... ok
test_provider_requires_current_message_kind_and_task_context (test_tui_contention_predicates.ProviderIdentityTests.test_provider_requires_current_message_kind_and_task_context) ... ok
test_current_error_after_ack_with_fresh_turn_end_is_observed_once (test_tui_draft_predicates.AsyncErrorOutcomeTests.test_current_error_after_ack_with_fresh_turn_end_is_observed_once) ... ok
test_current_success_marker_conflicts_with_error_outcome (test_tui_draft_predicates.AsyncErrorOutcomeTests.test_current_success_marker_conflicts_with_error_outcome) ... ok
test_each_current_provider_identifier_must_match (test_tui_draft_predicates.AsyncErrorOutcomeTests.test_each_current_provider_identifier_must_match) ... ok
test_error_must_follow_api_ack (test_tui_draft_predicates.AsyncErrorOutcomeTests.test_error_must_follow_api_ack) ... ok
test_error_response_must_have_been_sent (test_tui_draft_predicates.AsyncErrorOutcomeTests.test_error_response_must_have_been_sent) ... ok
test_failing_provider_checks_each_current_identifier (test_tui_draft_predicates.AsyncErrorOutcomeTests.test_failing_provider_checks_each_current_identifier) ... ok
test_http_error_alone_cannot_confirm_tui_error (test_tui_draft_predicates.AsyncErrorOutcomeTests.test_http_error_alone_cannot_confirm_tui_error) ... ok
test_old_generic_error_screen_cannot_confirm_current_error (test_tui_draft_predicates.AsyncErrorOutcomeTests.test_old_generic_error_screen_cannot_confirm_current_error) ... ok
test_prior_turn_end_cannot_confirm_current_error (test_tui_draft_predicates.AsyncErrorOutcomeTests.test_prior_turn_end_cannot_confirm_current_error) ... ok
test_provider_must_have_been_released_by_api_ack (test_tui_draft_predicates.AsyncErrorOutcomeTests.test_provider_must_have_been_released_by_api_ack) ... ok
test_screen_requires_this_runs_error_marker (test_tui_draft_predicates.AsyncErrorOutcomeTests.test_screen_requires_this_runs_error_marker) ... ok
test_api_empty_with_visual_draft_cannot_start_delivery (test_tui_draft_predicates.DeliveryOutcomeTests.test_api_empty_with_visual_draft_cannot_start_delivery) ... ok
test_unrelated_assistant_marker_cannot_confirm_current_message (test_tui_draft_predicates.DeliveryOutcomeTests.test_unrelated_assistant_marker_cannot_confirm_current_message) ... ok
test_old_transcript_draft_does_not_prove_current_composer (test_tui_draft_predicates.TuiSurfaceTests.test_old_transcript_draft_does_not_prove_current_composer) ... ok
test_setup_screen_with_prompt_glyph_is_not_a_ready_composer (test_tui_draft_predicates.TuiSurfaceTests.test_setup_screen_with_prompt_glyph_is_not_a_ready_composer) ... ok
test_visual_draft_remains_visible_after_api_reports_empty (test_tui_draft_predicates.TuiSurfaceTests.test_visual_draft_remains_visible_after_api_reports_empty) ... ok
test_non_diagnostic_omp_child_does_not_inherit_event_surface_opt_in (test_tui_event_surface_predicates.ChildEnvironmentTests.test_non_diagnostic_omp_child_does_not_inherit_event_surface_opt_in) ... ok
test_api_return_without_provider_processing_cannot_pass (test_tui_event_surface_predicates.DiagnosticDecisionTests.test_api_return_without_provider_processing_cannot_pass) ... ok
test_current_user_identity_can_be_seen_without_claiming_id_specific_outcome (test_tui_event_surface_predicates.DiagnosticDecisionTests.test_current_user_identity_can_be_seen_without_claiming_id_specific_outcome) ... ok
test_error_before_current_user_event_cannot_confirm_current_turn (test_tui_event_surface_predicates.DiagnosticDecisionTests.test_error_before_current_user_event_cannot_confirm_current_turn) ... ok
test_error_from_other_role_session_or_generation_cannot_pass (test_tui_event_surface_predicates.DiagnosticDecisionTests.test_error_from_other_role_session_or_generation_cannot_pass) ... ok
test_post_ack_error_must_be_observed_after_ack_for_current_turn (test_tui_event_surface_predicates.DiagnosticDecisionTests.test_post_ack_error_must_be_observed_after_ack_for_current_turn) ... ok
test_provider_identity_and_child_cleanup_are_required_for_pair (test_tui_event_surface_predicates.DiagnosticDecisionTests.test_provider_identity_and_child_cleanup_are_required_for_pair) ... ok
test_reported_identity_cannot_override_wrong_observed_user_context (test_tui_event_surface_predicates.DiagnosticDecisionTests.test_reported_identity_cannot_override_wrong_observed_user_context) ... ok
test_stale_error_from_previous_turn_cannot_confirm_current_user (test_tui_event_surface_predicates.DiagnosticDecisionTests.test_stale_error_from_previous_turn_cannot_confirm_current_user) ... ok
test_event_output_contains_no_raw_user_or_assistant_content (test_tui_event_surface_predicates.EventIdentityTests.test_event_output_contains_no_raw_user_or_assistant_content) ... ok
test_six_current_identity_fields_and_context_are_required (test_tui_event_surface_predicates.EventIdentityTests.test_six_current_identity_fields_and_context_are_required) ... ok
test_stale_event_wrong_attempt_and_no_user_event_cannot_establish_identity (test_tui_event_surface_predicates.EventIdentityTests.test_stale_event_wrong_attempt_and_no_user_event_cannot_establish_identity) ... ok
test_unrelated_assistant_error_is_a_session_event_with_unknown_id_outcome (test_tui_event_surface_predicates.EventIdentityTests.test_unrelated_assistant_error_is_a_session_event_with_unknown_id_outcome) ... ok
test_current_provider_request_is_observed_without_final_outcome_claim (test_tui_event_surface_predicates.ProviderRequestDecisionTests.test_current_provider_request_is_observed_without_final_outcome_claim) ... ok
test_generic_provider_event_or_prior_history_id_cannot_prove_current_input (test_tui_event_surface_predicates.ProviderRequestDecisionTests.test_generic_provider_event_or_prior_history_id_cannot_prove_current_input) ... ok
test_multiple_structured_blocks_or_wrong_field_names_cannot_pass (test_tui_event_surface_predicates.ProviderRequestDecisionTests.test_multiple_structured_blocks_or_wrong_field_names_cannot_pass) ... ok
test_non_user_final_message_and_bad_payload_cannot_pass (test_tui_event_surface_predicates.ProviderRequestDecisionTests.test_non_user_final_message_and_bad_payload_cannot_pass) ... ok
test_provider_event_summary_never_exposes_raw_payload_or_content (test_tui_event_surface_predicates.ProviderRequestDecisionTests.test_provider_event_summary_never_exposes_raw_payload_or_content) ... ok
test_provider_request_before_user_message_end_is_valid (test_tui_event_surface_predicates.ProviderRequestDecisionTests.test_provider_request_before_user_message_end_is_valid) ... ok
test_wrong_context_missing_or_duplicate_request_cannot_pass (test_tui_event_surface_predicates.ProviderRequestDecisionTests.test_wrong_context_missing_or_duplicate_request_cannot_pass) ... ok

[g3-version-record] {"gate": "G3 extension fault integration", "historical_pin": "omp/18.2.10", "omp": "/home/dwchoo/.local/bin/omp", "omp_version": "omp/18.8.0"}
test_live_outage_false_ack_control_is_rejected (test_tui_extension_fault_integration.ExtensionFaultIntegrationTests.test_live_outage_false_ack_control_is_rejected) ... /usr/lib/python3.12/pty.py:95: DeprecationWarning: This process (pid=2793049) is multi-threaded, use of forkpty() may lead to deadlocks in the child.
  pid, fd = os.forkpty()

[g3-broker-wait] {"bound_seconds": 20.0, "remaining": [], "seen": 0, "waited_seconds": 0.02}
ok
test_opt_in_fault_before_enqueue_survives_real_reconnect_without_replay (test_tui_extension_fault_integration.ExtensionFaultIntegrationTests.test_opt_in_fault_before_enqueue_survives_real_reconnect_without_replay) ... 
[g3-broker-wait] {"bound_seconds": 20.0, "remaining": [], "seen": 1, "waited_seconds": 3.05}
ok
test_outage_request_is_not_success_or_replayed_after_same_process_reconnect (test_tui_extension_fault_integration.ExtensionFaultIntegrationTests.test_outage_request_is_not_success_or_replayed_after_same_process_reconnect) ... 
[g3-broker-wait] {"bound_seconds": 20.0, "remaining": [], "seen": 1, "waited_seconds": 3.02}
ok
test_actual_outage_attempt_is_unavailable_not_replayed_then_fresh_only (test_tui_extension_fault_predicates.ExtensionFaultOutcomeTests.test_actual_outage_attempt_is_unavailable_not_replayed_then_fresh_only) ... ok
test_cleanup_residual_is_reported_separately_from_precleanup_label (test_tui_extension_fault_predicates.ExtensionFaultOutcomeTests.test_cleanup_residual_is_reported_separately_from_precleanup_label) ... ok
test_composer_input_and_clear_required_during_outage (test_tui_extension_fault_predicates.ExtensionFaultOutcomeTests.test_composer_input_and_clear_required_during_outage) ... ok
test_current_provider_identity_and_agent_end_required (test_tui_extension_fault_predicates.ExtensionFaultOutcomeTests.test_current_provider_identity_and_agent_end_required) ... ok
test_distinct_initial_process_and_session_binding_required (test_tui_extension_fault_predicates.ExtensionFaultOutcomeTests.test_distinct_initial_process_and_session_binding_required) ... ok
test_fresh_processing_must_be_single_current_worker_delivery (test_tui_extension_fault_predicates.ExtensionFaultOutcomeTests.test_fresh_processing_must_be_single_current_worker_delivery) ... ok
test_fresh_worker_after_malformed_needs_exactly_one_current_processing (test_tui_extension_fault_predicates.ExtensionFaultOutcomeTests.test_fresh_worker_after_malformed_needs_exactly_one_current_processing) ... ok
test_host_outage_and_fresh_worker_only_recovery (test_tui_extension_fault_predicates.ExtensionFaultOutcomeTests.test_host_outage_and_fresh_worker_only_recovery) ... ok
test_internal_exception_has_no_ack_or_processing_and_retry_stays_unknown (test_tui_extension_fault_predicates.ExtensionFaultOutcomeTests.test_internal_exception_has_no_ack_or_processing_and_retry_stays_unknown) ... ok
test_malformed_frame_cannot_ack_or_process (test_tui_extension_fault_predicates.ExtensionFaultOutcomeTests.test_malformed_frame_cannot_ack_or_process) ... ok
test_malformed_frame_must_leave_worker_composer_usable_and_clearable (test_tui_extension_fault_predicates.ExtensionFaultOutcomeTests.test_malformed_frame_must_leave_worker_composer_usable_and_clearable) ... ok
test_malformed_frame_must_preserve_current_role_bindings_and_public_state (test_tui_extension_fault_predicates.ExtensionFaultOutcomeTests.test_malformed_frame_must_preserve_current_role_bindings_and_public_state) ... ok
test_malformed_frame_roundtrip_keeps_both_bindings_and_fresh_worker_only (test_tui_extension_fault_predicates.ExtensionFaultOutcomeTests.test_malformed_frame_roundtrip_keeps_both_bindings_and_fresh_worker_only) ... ok
test_malformed_precleanup_label_does_not_hide_residual_child (test_tui_extension_fault_predicates.ExtensionFaultOutcomeTests.test_malformed_precleanup_label_does_not_hide_residual_child) ... ok
test_reconnect_does_not_replay_prior_delivery (test_tui_extension_fault_predicates.ExtensionFaultOutcomeTests.test_reconnect_does_not_replay_prior_delivery) ... ok
test_recovery_preserves_identity_with_new_socket_and_current_public_state (test_tui_extension_fault_predicates.ExtensionFaultOutcomeTests.test_recovery_preserves_identity_with_new_socket_and_current_public_state) ... ok
test_spontaneous_processing_during_outage_is_rejected (test_tui_extension_fault_predicates.ExtensionFaultOutcomeTests.test_spontaneous_processing_during_outage_is_rejected) ... ok
test_api_return_and_duplicate_provider_are_not_processing_proof (test_tui_message_kinds_predicates.FourKindOutcomeTests.test_api_return_and_duplicate_provider_are_not_processing_proof) ... ok
test_current_identity_and_reply_linkage_are_required (test_tui_message_kinds_predicates.FourKindOutcomeTests.test_current_identity_and_reply_linkage_are_required) ... ok
test_event_must_belong_to_current_target_session_and_generation (test_tui_message_kinds_predicates.FourKindOutcomeTests.test_event_must_belong_to_current_target_session_and_generation) ... ok
test_four_distinct_kinds_reach_their_own_role_and_reply_chain (test_tui_message_kinds_predicates.FourKindOutcomeTests.test_four_distinct_kinds_reach_their_own_role_and_reply_chain) ... ok
test_initial_and_after_delivery_readiness_need_current_public_state_and_composer (test_tui_message_kinds_predicates.FourKindOutcomeTests.test_initial_and_after_delivery_readiness_need_current_public_state_and_composer) ... ok
test_missing_kind_or_wrong_target_cannot_pass (test_tui_message_kinds_predicates.FourKindOutcomeTests.test_missing_kind_or_wrong_target_cannot_pass) ... ok
test_stale_or_other_role_end_does_not_complete_current_delivery (test_tui_message_kinds_predicates.FourKindOutcomeTests.test_stale_or_other_role_end_does_not_complete_current_delivery) ... ok
test_ack_alone_or_paused_activity_cannot_authorize_resume (test_tui_pause_reconcile_predicates.PauseOutcomeTests.test_ack_alone_or_paused_activity_cannot_authorize_resume) ... ok
test_fresh_delivery_requires_current_provider_and_separate_turn_completion (test_tui_pause_reconcile_predicates.PauseOutcomeTests.test_fresh_delivery_requires_current_provider_and_separate_turn_completion) ... ok
test_pause_ack_turn_stop_unknown_and_both_roles_held_before_explicit_resume (test_tui_pause_reconcile_predicates.PauseOutcomeTests.test_pause_ack_turn_stop_unknown_and_both_roles_held_before_explicit_resume) ... ok
test_stale_session_or_generation_end_does_not_complete_fresh_delivery (test_tui_pause_reconcile_predicates.PauseOutcomeTests.test_stale_session_or_generation_end_does_not_complete_fresh_delivery) ... ok
test_changed_files_symlink_process_task_and_approval_withhold_resume (test_tui_pause_reconcile_predicates.ReconciliationScopeTests.test_changed_files_symlink_process_task_and_approval_withhold_resume) ... ok
test_unknown_tool_or_changed_live_scope_withholds_resume (test_tui_pause_reconcile_predicates.ReconciliationScopeTests.test_unknown_tool_or_changed_live_scope_withholds_resume) ... ok
test_composer_and_public_state_must_recover (test_tui_reconnect_predicates.ReconnectOutcomeTests.test_composer_and_public_state_must_recover) ... ok
test_missing_or_visible_ack_cannot_prove_loss (test_tui_reconnect_predicates.ReconnectOutcomeTests.test_missing_or_visible_ack_cannot_prove_loss) ... ok
test_only_one_processing_after_discarded_ack_and_reconnect (test_tui_reconnect_predicates.ReconnectOutcomeTests.test_only_one_processing_after_discarded_ack_and_reconnect) ... ok
test_provider_identity_and_processing_count_reject_duplicate (test_tui_reconnect_predicates.ReconnectOutcomeTests.test_provider_identity_and_processing_count_reject_duplicate) ... ok
test_public_editor_empty_without_visual_clear_does_not_pass (test_tui_reconnect_predicates.ReconnectOutcomeTests.test_public_editor_empty_without_visual_clear_does_not_pass) ... ok
test_reconnect_must_preserve_identity_on_a_new_socket (test_tui_reconnect_predicates.ReconnectOutcomeTests.test_reconnect_must_preserve_identity_on_a_new_socket) ... ok
test_remaining_child_is_reported_after_cleanup (test_tui_reconnect_predicates.ReconnectOutcomeTests.test_remaining_child_is_reported_after_cleanup) ... ok
test_visible_draft_without_matching_public_editor_does_not_pass (test_tui_reconnect_predicates.ReconnectOutcomeTests.test_visible_draft_without_matching_public_editor_does_not_pass) ... ok
test_api_ack_alone_cannot_pass (test_tui_session_inflight_predicates.SessionInflightPredicateTests.test_api_ack_alone_cannot_pass) ... ok
test_cleanup_residual_is_reported_for_cli_gate (test_tui_session_inflight_predicates.SessionInflightPredicateTests.test_cleanup_residual_is_reported_for_cli_gate) ... ok
test_current_session_provider_and_end_can_pass (test_tui_session_inflight_predicates.SessionInflightPredicateTests.test_current_session_provider_and_end_can_pass) ... ok
test_hidden_new_composer_cannot_prove_ready_session (test_tui_session_inflight_predicates.SessionInflightPredicateTests.test_hidden_new_composer_cannot_prove_ready_session) ... ok
test_new_hello_must_replace_socket (test_tui_session_inflight_predicates.SessionInflightPredicateTests.test_new_hello_must_replace_socket) ... ok
test_new_session_must_be_ready (test_tui_session_inflight_predicates.SessionInflightPredicateTests.test_new_session_must_be_ready) ... ok
test_old_retry_accept_or_replay_cannot_pass (test_tui_session_inflight_predicates.SessionInflightPredicateTests.test_old_retry_accept_or_replay_cannot_pass) ... ok
test_provider_must_start_before_switch_and_switch_must_overlap_hold (test_tui_session_inflight_predicates.SessionInflightPredicateTests.test_provider_must_start_before_switch_and_switch_must_overlap_hold) ... ok
test_stale_or_missing_new_agent_end_cannot_pass (test_tui_session_inflight_predicates.SessionInflightPredicateTests.test_stale_or_missing_new_agent_end_cannot_pass) ... ok
test_stale_session_generation_or_pid_hello_is_ignored (test_tui_session_inflight_predicates.SessionInflightPredicateTests.test_stale_session_generation_or_pid_hello_is_ignored) ... ok
test_wrong_provider_context_or_duplicate_request_cannot_pass (test_tui_session_inflight_predicates.SessionInflightPredicateTests.test_wrong_provider_context_or_duplicate_request_cannot_pass) ... ok
test_old_deferred_envelope_must_not_leak_to_new_provider (test_tui_session_predicates.SessionSwitchOutcomeTests.test_old_deferred_envelope_must_not_leak_to_new_provider) ... ok
test_provider_request_for_wrong_message_id_cannot_pass (test_tui_session_predicates.SessionSwitchOutcomeTests.test_provider_request_for_wrong_message_id_cannot_pass) ... ok
test_real_transition_accepts_only_new_message_and_fresh_turn (test_tui_session_predicates.SessionSwitchOutcomeTests.test_real_transition_accepts_only_new_message_and_fresh_turn) ... ok
test_same_pid_with_stale_generation_cannot_pass (test_tui_session_predicates.SessionSwitchOutcomeTests.test_same_pid_with_stale_generation_cannot_pass) ... ok
test_same_pid_with_stale_session_cannot_pass (test_tui_session_predicates.SessionSwitchOutcomeTests.test_same_pid_with_stale_session_cannot_pass) ... ok
test_same_socket_cannot_pass_even_if_session_and_generation_change (test_tui_session_predicates.SessionSwitchOutcomeTests.test_same_socket_cannot_pass_even_if_session_and_generation_change) ... ok
test_stale_agent_end_cannot_complete_new_delivery (test_tui_session_predicates.SessionSwitchOutcomeTests.test_stale_agent_end_cannot_complete_new_delivery) ... ok
test_temporary_peer_absence_alone_cannot_prove_transition (test_tui_session_predicates.SessionSwitchOutcomeTests.test_temporary_peer_absence_alone_cannot_prove_transition) ... ok
test_temporary_peer_absence_does_not_create_or_erase_transition (test_tui_session_predicates.SessionSwitchOutcomeTests.test_temporary_peer_absence_does_not_create_or_erase_transition) ... ok

----------------------------------------------------------------------
Ran 117 tests in 60.711s

OK
== suite tests/gates/g3_omp rc=0 2026-10-09T02:58:17+09:00
== suite tests/gates/g4_evidence start 2026-10-09T02:58:17+09:00
test_current_input_or_evidence_bytes_changed (test_aggregate.AggregateTests.test_current_input_or_evidence_bytes_changed) ... ok
test_identity_level_check_unknown_and_provenance_negatives (test_aggregate.AggregateTests.test_identity_level_check_unknown_and_provenance_negatives) ... ok
test_integrated_valid_set_contract (test_aggregate.AggregateTests.test_integrated_valid_set_contract) ... ok
test_missing_duplicate_and_owned_item (test_aggregate.AggregateTests.test_missing_duplicate_and_owned_item) ... ok
test_null_empty_and_schema_alias_payloads_reject_even_when_re_pinned (test_aggregate.AggregateTests.test_null_empty_and_schema_alias_payloads_reject_even_when_re_pinned) ... ok
test_synthetic_provenance_needs_explicit_fixture_mode_and_nonempty_context (test_aggregate.AggregateTests.test_synthetic_provenance_needs_explicit_fixture_mode_and_nonempty_context) ... ok
test_empty_or_schema_only_pinned_evidence_is_not_observed_runtime_evidence (test_aggregate_independent.AggregateAdversarialTests.test_empty_or_schema_only_pinned_evidence_is_not_observed_runtime_evidence) ... ok
test_empty_required_context_cannot_be_a_gate_certificate (test_aggregate_independent.AggregateAdversarialTests.test_empty_required_context_cannot_be_a_gate_certificate) ... ok
test_extra_unknown_item_and_boolean_exit_cannot_pass (test_aggregate_independent.AggregateAdversarialTests.test_extra_unknown_item_and_boolean_exit_cannot_pass) ... ok
test_stale_pinned_source_and_evidence_escape_are_rejected (test_aggregate_independent.AggregateAdversarialTests.test_stale_pinned_source_and_evidence_escape_are_rejected) ... ok

----------------------------------------------------------------------
Ran 10 tests in 0.059s

OK
== suite tests/gates/g4_evidence rc=0 2026-10-09T02:58:17+09:00
== suite tests/gates/g4_lifetime start 2026-10-09T02:58:17+09:00
test_dispatch_occurs_after_both_syncs_and_callback_failure_is_never_replayed (test_independent_boundaries.DurableDispatchBoundaryTests.test_dispatch_occurs_after_both_syncs_and_callback_failure_is_never_replayed) ... ok
test_file_and_directory_fsync_failures_hold_new_dispatch_without_killing_run (test_independent_boundaries.DurableDispatchBoundaryTests.test_file_and_directory_fsync_failures_hold_new_dispatch_without_killing_run) ... ok
test_distinct_and_bound_process_identities_are_required (test_independent_boundaries.LifetimeEvidenceBoundaryTests.test_distinct_and_bound_process_identities_are_required) ... ok
test_frontend_detach_and_reattach_must_really_change_display_lease (test_independent_boundaries.LifetimeEvidenceBoundaryTests.test_frontend_detach_and_reattach_must_really_change_display_lease) ... ok
test_known_pass_and_existing_failure_controls_are_discriminating (test_independent_boundaries.LifetimeEvidenceBoundaryTests.test_known_pass_and_existing_failure_controls_are_discriminating) ... ok
test_live_owned_residue_cannot_be_masked_by_empty_backend_residue_flag (test_independent_boundaries.LifetimeEvidenceBoundaryTests.test_live_owned_residue_cannot_be_masked_by_empty_backend_residue_flag) ... ok
test_pause_consumes_tick_without_replay_and_attach_has_no_owner_change (test_ports.RuntimePortTests.test_pause_consumes_tick_without_replay_and_attach_has_no_owner_change) ... ok
test_real_fsync_success_permits_once_and_failure_holds_without_killing_run (test_ports.RuntimePortTests.test_real_fsync_success_permits_once_and_failure_holds_without_killing_run) ... ok

----------------------------------------------------------------------
Ran 8 tests in 0.137s

OK
== suite tests/gates/g4_lifetime rc=0 2026-10-09T02:58:18+09:00
== suite tests/policy/pause_automation start 2026-10-09T02:58:18+09:00
test_missing_fresh_turn_or_cleanup_residue_cannot_pass (test_live_pause_runtime_predicates.LivePauseRuntimePredicateTests.test_missing_fresh_turn_or_cleanup_residue_cannot_pass) ... ok
test_out_of_scope_peer_output_must_be_rejected_before_resume (test_live_pause_runtime_predicates.LivePauseRuntimePredicateTests.test_out_of_scope_peer_output_must_be_rejected_before_resume) ... ok
test_paused_activity_incomplete_reconciliation_and_replay_cannot_pass (test_live_pause_runtime_predicates.LivePauseRuntimePredicateTests.test_paused_activity_incomplete_reconciliation_and_replay_cannot_pass) ... ok
test_positive_control_requires_all_independent_boundaries (test_live_pause_runtime_predicates.LivePauseRuntimePredicateTests.test_positive_control_requires_all_independent_boundaries) ... ok
test_projected_file_process_unknown_and_manual_evidence_is_required (test_live_pause_runtime_predicates.LivePauseRuntimePredicateTests.test_projected_file_process_unknown_and_manual_evidence_is_required) ... ok
test_unbounded_provider_or_terminal_text_cannot_be_reported_as_pass (test_live_pause_runtime_predicates.LivePauseRuntimePredicateTests.test_unbounded_provider_or_terminal_text_cannot_be_reported_as_pass) ... ok
test_wrong_identity_stop_and_scope_cannot_pass (test_live_pause_runtime_predicates.LivePauseRuntimePredicateTests.test_wrong_identity_stop_and_scope_cannot_pass) ... ok
test_active_switch_at_resume_open_barrier_stays_closed (test_pause_policy.PausePolicyTests.test_active_switch_at_resume_open_barrier_stays_closed) ... ok
test_approved_directory_chmod_reconciles_execution_and_git_peer (test_pause_policy.PausePolicyTests.test_approved_directory_chmod_reconciles_execution_and_git_peer) ... ok
test_binding_different_run_clears_prior_pause_observations (test_pause_policy.PausePolicyTests.test_binding_different_run_clears_prior_pause_observations) ... ok
test_cancel_run_waits_for_open_local_dispatch_and_blocks_late_action (test_pause_policy.PausePolicyTests.test_cancel_run_waits_for_open_local_dispatch_and_blocks_late_action) ... ok
test_cancellation_status_callback_completes_while_publisher_waits_for_cw11_lock (test_pause_policy.PausePolicyTests.test_cancellation_status_callback_completes_while_publisher_waits_for_cw11_lock) ... ok
test_cancelled_exact_run_stops_dispatch_and_preserves_artifacts (test_pause_policy.PausePolicyTests.test_cancelled_exact_run_stops_dispatch_and_preserves_artifacts) ... ok
test_cancelled_unpaused_run_fences_new_automatic_dispatch (test_pause_policy.PausePolicyTests.test_cancelled_unpaused_run_fences_new_automatic_dispatch) ... ok
test_completed_failed_or_cancelled_run_never_opens_local_or_bound_dispatch (test_pause_policy.PausePolicyTests.test_completed_failed_or_cancelled_run_never_opens_local_or_bound_dispatch) ... ok
test_completion_between_peer_preflight_and_bound_permit_emits_zero_bytes (test_pause_policy.PausePolicyTests.test_completion_between_peer_preflight_and_bound_permit_emits_zero_bytes) ... ok
test_concurrent_cancellation_records_one_exact_run_event_and_keeps_result (test_pause_policy.PausePolicyTests.test_concurrent_cancellation_records_one_exact_run_event_and_keeps_result) ... ok
test_corrupt_or_foreign_journal_binding_fails_closed_on_bind (test_pause_policy.PausePolicyTests.test_corrupt_or_foreign_journal_binding_fails_closed_on_bind) ... ok
test_delayed_a_repository_error_cannot_close_bound_b (test_pause_policy.PausePolicyTests.test_delayed_a_repository_error_cannot_close_bound_b) ... ok
test_delayed_cancelled_a_lookup_cannot_close_bound_b (test_pause_policy.PausePolicyTests.test_delayed_cancelled_a_lookup_cannot_close_bound_b) ... ok
test_directory_and_device_journal_reads_reject_promptly (test_pause_policy.PausePolicyTests.test_directory_and_device_journal_reads_reject_promptly) ... ok
test_directory_fsync_failure_fails_closed_and_parent_symlink_is_rejected (test_pause_policy.PausePolicyTests.test_directory_fsync_failure_fails_closed_and_parent_symlink_is_rejected) ... ok
test_directory_mode_scan_bounds_and_unsafe_entries_fail_closed (test_pause_policy.PausePolicyTests.test_directory_mode_scan_bounds_and_unsafe_entries_fail_closed) ... ok
test_directory_mode_scan_rejects_symlink_swap_and_closes_fds (test_pause_policy.PausePolicyTests.test_directory_mode_scan_rejects_symlink_swap_and_closes_fds) ... ok
test_empty_nested_non_git_peer_directory_chmod_blocks_resume (test_pause_policy.PausePolicyTests.test_empty_nested_non_git_peer_directory_chmod_blocks_resume) ... ok
test_empty_non_git_peer_root_chmod_blocks_resume (test_pause_policy.PausePolicyTests.test_empty_non_git_peer_root_chmod_blocks_resume) ... ok
test_execution_assume_unchanged_change_outside_peer_cwds_blocks_resume (test_pause_policy.PausePolicyTests.test_execution_assume_unchanged_change_outside_peer_cwds_blocks_resume) ... ok
test_execution_existing_skip_worktree_hidden_edit_outside_peer_cwds_blocks (test_pause_policy.PausePolicyTests.test_execution_existing_skip_worktree_hidden_edit_outside_peer_cwds_blocks) ... ok
test_execution_flag_removal_blocks_and_restoration_reconciles (test_pause_policy.PausePolicyTests.test_execution_flag_removal_blocks_and_restoration_reconciles) ... ok
test_execution_index_observation_error_blocks_resume (test_pause_policy.PausePolicyTests.test_execution_index_observation_error_blocks_resume) ... ok
test_execution_legacy_baseline_without_flag_fields_blocks_resume (test_pause_policy.PausePolicyTests.test_execution_legacy_baseline_without_flag_fields_blocks_resume) ... ok
test_execution_skip_worktree_missing_is_stable_with_separate_peers (test_pause_policy.PausePolicyTests.test_execution_skip_worktree_missing_is_stable_with_separate_peers) ... ok
test_execution_stable_assume_flag_hidden_edit_outside_peer_cwds_blocks (test_pause_policy.PausePolicyTests.test_execution_stable_assume_flag_hidden_edit_outside_peer_cwds_blocks) ... ok
test_execution_tracked_approved_chmod_can_resume (test_pause_policy.PausePolicyTests.test_execution_tracked_approved_chmod_can_resume) ... ok
test_execution_tracked_nonexecutable_chmod_outside_peer_cwds_blocks_resume (test_pause_policy.PausePolicyTests.test_execution_tracked_nonexecutable_chmod_outside_peer_cwds_blocks_resume) ... ok
test_execution_tracked_path_removal_fails_closed (test_pause_policy.PausePolicyTests.test_execution_tracked_path_removal_fails_closed) ... ok
test_execution_tracked_special_replacement_blocks_resume (test_pause_policy.PausePolicyTests.test_execution_tracked_special_replacement_blocks_resume) ... ok
test_execution_unchanged_resumes_with_both_peers_elsewhere (test_pause_policy.PausePolicyTests.test_execution_unchanged_resumes_with_both_peers_elsewhere) ... ok
test_execution_untracked_chmod_only_changes_versioned_identity (test_pause_policy.PausePolicyTests.test_execution_untracked_chmod_only_changes_versioned_identity) ... ok
test_fail_run_waits_for_open_local_dispatch_and_blocks_late_action (test_pause_policy.PausePolicyTests.test_fail_run_waits_for_open_local_dispatch_and_blocks_late_action) ... ok
test_failed_abort_ack_is_unknown_and_sensitive_response_body_is_not_persisted (test_pause_policy.PausePolicyTests.test_failed_abort_ack_is_unknown_and_sensitive_response_body_is_not_persisted) ... ok
test_failed_journal_fsync_keeps_policy_closed_and_blocks_resume (test_pause_policy.PausePolicyTests.test_failed_journal_fsync_keeps_policy_closed_and_blocks_resume) ... ok
test_file_scan_rejects_mode_change_during_hash (test_pause_policy.PausePolicyTests.test_file_scan_rejects_mode_change_during_hash) ... ok
test_file_scan_rejects_special_file_and_in_flight_mutation (test_pause_policy.PausePolicyTests.test_file_scan_rejects_special_file_and_in_flight_mutation) ... ok
test_first_directory_fsync_failure_stays_closed_with_current_or_readable_evidence (test_pause_policy.PausePolicyTests.test_first_directory_fsync_failure_stays_closed_with_current_or_readable_evidence)
CW15 owns recovery if crash loses the first failed journal name entirely. ... ok
test_first_journal_append_fsyncs_file_and_checked_directory (test_pause_policy.PausePolicyTests.test_first_journal_append_fsyncs_file_and_checked_directory) ... ok
test_git_changed_set_rejects_directory_symlink_swap_and_closes_fds (test_pause_policy.PausePolicyTests.test_git_changed_set_rejects_directory_symlink_swap_and_closes_fds) ... ok
test_git_execution_ancestor_chmod_outside_file_scope_blocks_resume (test_pause_policy.PausePolicyTests.test_git_execution_ancestor_chmod_outside_file_scope_blocks_resume) ... ok
test_git_execution_root_chmod_blocks_resume (test_pause_policy.PausePolicyTests.test_git_execution_root_chmod_blocks_resume) ... ok
test_git_filemode_disabled_fails_closed (test_pause_policy.PausePolicyTests.test_git_filemode_disabled_fails_closed) ... ok
test_git_index_flag_listing_has_byte_and_record_bounds (test_pause_policy.PausePolicyTests.test_git_index_flag_listing_has_byte_and_record_bounds) ... ok
test_git_index_fsmonitor_tag_is_treated_as_flagged_path (test_pause_policy.PausePolicyTests.test_git_index_fsmonitor_tag_is_treated_as_flagged_path) ... ok
test_git_peer_assume_unchanged_cannot_hide_out_of_scope_tracked_edit (test_pause_policy.PausePolicyTests.test_git_peer_assume_unchanged_cannot_hide_out_of_scope_tracked_edit) ... ok
test_git_peer_clean_tracked_change_after_pause_blocks_resume (test_pause_policy.PausePolicyTests.test_git_peer_clean_tracked_change_after_pause_blocks_resume) ... ok
test_git_peer_existing_skip_worktree_file_change_blocks_resume (test_pause_policy.PausePolicyTests.test_git_peer_existing_skip_worktree_file_change_blocks_resume) ... ok
test_git_peer_flag_change_without_content_change_blocks (test_pause_policy.PausePolicyTests.test_git_peer_flag_change_without_content_change_blocks) ... ok
test_git_peer_index_flag_removal_blocks_until_restored (test_pause_policy.PausePolicyTests.test_git_peer_index_flag_removal_blocks_until_restored) ... ok
test_git_peer_post_bind_changed_set_catches_tracked_untracked_and_ignored (test_pause_policy.PausePolicyTests.test_git_peer_post_bind_changed_set_catches_tracked_untracked_and_ignored) ... ok
test_git_peer_root_chmod_blocks_resume (test_pause_policy.PausePolicyTests.test_git_peer_root_chmod_blocks_resume) ... ok
test_git_peer_skip_worktree_missing_path_is_live_but_appearance_blocks (test_pause_policy.PausePolicyTests.test_git_peer_skip_worktree_missing_path_is_live_but_appearance_blocks) ... ok
test_git_peer_stable_assume_unchanged_flag_hashes_hidden_edit (test_pause_policy.PausePolicyTests.test_git_peer_stable_assume_unchanged_flag_hashes_hidden_edit) ... ok
test_git_probe_error_with_repository_marker_fails_closed (test_pause_policy.PausePolicyTests.test_git_probe_error_with_repository_marker_fails_closed) ... ok
test_high_cycle_bind_pause_admission_has_no_lock_cycle (test_pause_policy.PausePolicyTests.test_high_cycle_bind_pause_admission_has_no_lock_cycle) ... ok
test_ignored_out_of_scope_output_blocks_resume (test_pause_policy.PausePolicyTests.test_ignored_out_of_scope_output_blocks_resume) ... ok
test_in_flight_write_after_pause_request_is_not_absorbed_into_baseline (test_pause_policy.PausePolicyTests.test_in_flight_write_after_pause_request_is_not_absorbed_into_baseline) ... ok
test_incarnation_switch_at_bind_open_barrier_stays_closed (test_pause_policy.PausePolicyTests.test_incarnation_switch_at_bind_open_barrier_stays_closed) ... ok
test_inflight_unpaused_publisher_finishes_before_paused_publication (test_pause_policy.PausePolicyTests.test_inflight_unpaused_publisher_finishes_before_paused_publication) ... ok
test_journal_rejects_fifo_without_blocking_reader (test_pause_policy.PausePolicyTests.test_journal_rejects_fifo_without_blocking_reader) ... ok
test_journal_rejects_symlink_and_corruption_and_serializes_writers (test_pause_policy.PausePolicyTests.test_journal_rejects_symlink_and_corruption_and_serializes_writers) ... ok
test_large_clean_git_peer_uses_bounded_changed_set_and_can_resume (test_pause_policy.PausePolicyTests.test_large_clean_git_peer_uses_bounded_changed_set_and_can_resume) ... ok
test_legacy_content_only_baseline_version_fails_closed (test_pause_policy.PausePolicyTests.test_legacy_content_only_baseline_version_fails_closed) ... ok
test_live_peer_cwd_file_reconciliation_fails_closed_on_unsafe_observation (test_pause_policy.PausePolicyTests.test_live_peer_cwd_file_reconciliation_fails_closed_on_unsafe_observation) ... ok
test_live_resume_derives_match_facts_instead_of_trusting_caller_booleans (test_pause_policy.PausePolicyTests.test_live_resume_derives_match_facts_instead_of_trusting_caller_booleans) ... ok
test_live_resume_rejects_out_of_scope_file_and_unobserved_tool (test_pause_policy.PausePolicyTests.test_live_resume_rejects_out_of_scope_file_and_unobserved_tool) ... ok
test_live_resume_rejects_process_and_persisted_task_or_approval_mismatch (test_pause_policy.PausePolicyTests.test_live_resume_rejects_process_and_persisted_task_or_approval_mismatch) ... ok
test_long_local_action_does_not_delay_pause_abort_or_new_fence (test_pause_policy.PausePolicyTests.test_long_local_action_does_not_delay_pause_abort_or_new_fence) ... ok
test_missing_active_run_stays_held_until_exact_activation_and_rebind (test_pause_policy.PausePolicyTests.test_missing_active_run_stays_held_until_exact_activation_and_rebind) ... ok
test_missing_durable_entry_baseline_on_restart_does_not_recapture (test_pause_policy.PausePolicyTests.test_missing_durable_entry_baseline_on_restart_does_not_recapture) ... ok
test_missing_entry_baseline_during_pause_fails_closed (test_pause_policy.PausePolicyTests.test_missing_entry_baseline_during_pause_fails_closed) ... ok
test_missing_peer_pause_baseline_blocks_resume (test_pause_policy.PausePolicyTests.test_missing_peer_pause_baseline_blocks_resume) ... ok
test_new_pause_close_overtakes_resume_before_cas_open (test_pause_policy.PausePolicyTests.test_new_pause_close_overtakes_resume_before_cas_open) ... ok
test_non_git_peer_chmod_only_blocks_then_unchanged_mode_resumes (test_pause_policy.PausePolicyTests.test_non_git_peer_chmod_only_blocks_then_unchanged_mode_resumes) ... ok
test_oversized_mode_baseline_sidecars_block_resume (test_pause_policy.PausePolicyTests.test_oversized_mode_baseline_sidecars_block_resume) ... ok
test_partial_peer_resume_recloses_both_peers_without_replaying_work (test_pause_policy.PausePolicyTests.test_partial_peer_resume_recloses_both_peers_without_replaying_work) ... ok
test_pause_a_cannot_record_or_publish_into_concurrently_bound_run_b (test_pause_policy.PausePolicyTests.test_pause_a_cannot_record_or_publish_into_concurrently_bound_run_b) ... ok
test_pause_and_review_callback_do_not_invert_admission_lock_order (test_pause_policy.PausePolicyTests.test_pause_and_review_callback_do_not_invert_admission_lock_order) ... ok
test_pause_fences_dispatch_at_action_boundary (test_pause_policy.PausePolicyTests.test_pause_fences_dispatch_at_action_boundary)
A pause linearized between authority check and send must hold the send. ... ok
test_pause_fences_review_admission_before_abort_request (test_pause_policy.PausePolicyTests.test_pause_fences_review_admission_before_abort_request)
A review cannot slip through after pause has closed local authority. ... ok
test_pause_is_durable_scoped_and_keeps_host_run_and_cancel_state_separate (test_pause_policy.PausePolicyTests.test_pause_is_durable_scoped_and_keeps_host_run_and_cancel_state_separate) ... ok
test_pause_rejects_pre_cursor_stop_event_with_exact_request (test_pause_policy.PausePolicyTests.test_pause_rejects_pre_cursor_stop_event_with_exact_request) ... ok
test_pause_rejects_stop_event_from_replacement_session_even_with_request_id (test_pause_policy.PausePolicyTests.test_pause_rejects_stop_event_from_replacement_session_even_with_request_id) ... ok
test_pause_rejects_stop_event_from_unrelated_request (test_pause_policy.PausePolicyTests.test_pause_rejects_stop_event_from_unrelated_request) ... ok
test_paused_fence_blocks_review_while_mirror_is_stale_unpaused (test_pause_policy.PausePolicyTests.test_paused_fence_blocks_review_while_mirror_is_stale_unpaused) ... ok
test_peer_directory_replacement_and_removal_fail_closed (test_pause_policy.PausePolicyTests.test_peer_directory_replacement_and_removal_fail_closed) ... ok
test_peer_directory_scan_is_streamed_and_budgeted (test_pause_policy.PausePolicyTests.test_peer_directory_scan_is_streamed_and_budgeted) ... ok
test_peer_git_tracked_approved_chmod_can_resume (test_pause_policy.PausePolicyTests.test_peer_git_tracked_approved_chmod_can_resume) ... ok
test_peer_git_tracked_executable_bit_chmod_only_is_a_file_delta (test_pause_policy.PausePolicyTests.test_peer_git_tracked_executable_bit_chmod_only_is_a_file_delta) ... ok
test_peer_git_tracked_nonexecutable_chmod_outside_scope_blocks_resume (test_pause_policy.PausePolicyTests.test_peer_git_tracked_nonexecutable_chmod_outside_scope_blocks_resume) ... ok
test_peer_git_untracked_chmod_only_is_a_file_delta (test_pause_policy.PausePolicyTests.test_peer_git_untracked_chmod_only_is_a_file_delta) ... ok
test_peer_pause_baseline_allows_approved_change_in_peer_cwd (test_pause_policy.PausePolicyTests.test_peer_pause_baseline_allows_approved_change_in_peer_cwd) ... ok
test_peer_pause_baseline_allows_stable_state_and_approved_worktree_change (test_pause_policy.PausePolicyTests.test_peer_pause_baseline_allows_stable_state_and_approved_worktree_change) ... ok
test_peer_pause_baseline_rejects_stable_out_of_scope_change_after_restart (test_pause_policy.PausePolicyTests.test_peer_pause_baseline_rejects_stable_out_of_scope_change_after_restart) ... ok
test_peer_scan_rejects_directory_symlink_swap_and_closes_fds (test_pause_policy.PausePolicyTests.test_peer_scan_rejects_directory_symlink_swap_and_closes_fds) ... ok
test_peer_scan_rejects_file_symlink_swap_without_reading_external_file (test_pause_policy.PausePolicyTests.test_peer_scan_rejects_file_symlink_swap_without_reading_external_file) ... ok
test_peer_switch_before_first_cw11_callback_never_submits (test_pause_policy.PausePolicyTests.test_peer_switch_before_first_cw11_callback_never_submits) ... ok
test_peer_switch_immediately_before_first_review_admission_holds (test_pause_policy.PausePolicyTests.test_peer_switch_immediately_before_first_review_admission_holds) ... ok
test_process_reconciliation_allows_descendant_child_but_rejects_escape (test_pause_policy.PausePolicyTests.test_process_reconciliation_allows_descendant_child_but_rejects_escape) ... ok
test_process_reconciliation_reads_live_pid_and_cwd (test_pause_policy.PausePolicyTests.test_process_reconciliation_reads_live_pid_and_cwd) ... ok
test_refresh_requires_exact_stop_event_not_snapshot_or_replacement_session (test_pause_policy.PausePolicyTests.test_refresh_requires_exact_stop_event_not_snapshot_or_replacement_session) ... ok
test_repeated_review_local_status_and_pause_races_complete_without_late_actions (test_pause_policy.PausePolicyTests.test_repeated_review_local_status_and_pause_races_complete_without_late_actions) ... ok
test_restart_after_resumed_then_resume_failed_keeps_dispatch_closed (test_pause_policy.PausePolicyTests.test_restart_after_resumed_then_resume_failed_keeps_dispatch_closed) ... ok
test_restart_restores_pause_and_corrupt_journal_fails_closed (test_pause_policy.PausePolicyTests.test_restart_restores_pause_and_corrupt_journal_fails_closed) ... ok
test_resume_after_admission_switch_to_b_cannot_reopen_a (test_pause_policy.PausePolicyTests.test_resume_after_admission_switch_to_b_cannot_reopen_a) ... ok
test_resume_observed_requires_explicit_intent_and_live_facts (test_pause_policy.PausePolicyTests.test_resume_observed_requires_explicit_intent_and_live_facts) ... ok
test_resume_rejects_manager_switch_after_final_pair_probe (test_pause_policy.PausePolicyTests.test_resume_rejects_manager_switch_after_final_pair_probe) ... ok
test_resume_rejects_manager_switch_during_worker_final_probe (test_pause_policy.PausePolicyTests.test_resume_rejects_manager_switch_during_worker_final_probe) ... ok
test_resume_rejects_revoked_approved_scope (test_pause_policy.PausePolicyTests.test_resume_rejects_revoked_approved_scope) ... ok
test_resume_rejects_session_replacement_and_unresolved_tool (test_pause_policy.PausePolicyTests.test_resume_rejects_session_replacement_and_unresolved_tool) ... ok
test_resume_replacement_after_ack_or_publication_remains_held (test_pause_policy.PausePolicyTests.test_resume_replacement_after_ack_or_publication_remains_held) ... ok
test_resume_requires_fresh_exact_reconciliation_and_never_replays_held_work (test_pause_policy.PausePolicyTests.test_resume_requires_fresh_exact_reconciliation_and_never_replays_held_work) ... ok
test_revoked_run_never_opens_local_or_bound_dispatch (test_pause_policy.PausePolicyTests.test_revoked_run_never_opens_local_or_bound_dispatch) ... ok
test_same_identity_new_incarnation_requires_exact_rebind (test_pause_policy.PausePolicyTests.test_same_identity_new_incarnation_requires_exact_rebind) ... ok
test_second_pause_does_not_invalidate_first_manager_abort_token (test_pause_policy.PausePolicyTests.test_second_pause_does_not_invalidate_first_manager_abort_token) ... ok
test_stale_unpaused_publisher_cannot_override_new_pause (test_pause_policy.PausePolicyTests.test_stale_unpaused_publisher_cannot_override_new_pause) ... ok
test_terminal_transition_waits_for_open_dispatch_without_blocking_mailbox_write (test_pause_policy.PausePolicyTests.test_terminal_transition_waits_for_open_dispatch_without_blocking_mailbox_write) ... ok
test_tracked_mode_observation_bounds_and_unsafe_path_fail_closed (test_pause_policy.PausePolicyTests.test_tracked_mode_observation_bounds_and_unsafe_path_fail_closed) ... ok
test_unavailable_entry_scan_never_opens_automatic_dispatch (test_pause_policy.PausePolicyTests.test_unavailable_entry_scan_never_opens_automatic_dispatch) ... ok
test_worktree_file_scan_is_streamed_and_budgeted (test_pause_policy.PausePolicyTests.test_worktree_file_scan_is_streamed_and_budgeted) ... ok
test_worktree_head_change_blocks_resume_even_when_clean (test_pause_policy.PausePolicyTests.test_worktree_head_change_blocks_resume_even_when_clean) ... ok

----------------------------------------------------------------------
Ran 129 tests in 27.550s

OK
== suite tests/policy/pause_automation rc=0 2026-10-09T02:58:45+09:00
== suite tests/policy/recovery_manager start 2026-10-09T02:58:45+09:00
test_concurrent_recovery_cas_admits_only_one_retry (test_recovery_policy.RecoveryPolicyTests.test_concurrent_recovery_cas_admits_only_one_retry) ... ok
test_empty_artifacts_or_cross_run_worker_cannot_reserve (test_recovery_policy.RecoveryPolicyTests.test_empty_artifacts_or_cross_run_worker_cannot_reserve) ... ok
test_force_needs_delegation_exact_owner_and_fresh_post_force_exit (test_recovery_policy.RecoveryPolicyTests.test_force_needs_delegation_exact_owner_and_fresh_post_force_exit) ... ok
test_force_requires_confirmed_still_running_state_after_stop (test_recovery_policy.RecoveryPolicyTests.test_force_requires_confirmed_still_running_state_after_stop) ... ok
test_force_requires_fresh_exact_target_liveness_after_stop (test_recovery_policy.RecoveryPolicyTests.test_force_requires_fresh_exact_target_liveness_after_stop) ... ok
test_force_requires_further_full_termination_before_recovery_or_revision (test_recovery_policy.RecoveryPolicyTests.test_force_requires_further_full_termination_before_recovery_or_revision) ... ok
test_force_stop_proof_order_target_and_authority_are_fail_closed (test_recovery_policy.RecoveryPolicyTests.test_force_stop_proof_order_target_and_authority_are_fail_closed) ... ok
test_force_wrong_or_ambiguous_target_and_post_force_descendants_block (test_recovery_policy.RecoveryPolicyTests.test_force_wrong_or_ambiguous_target_and_post_force_descendants_block) ... ok
test_identity_criteria_and_terminal_unknown_fail_closed (test_recovery_policy.RecoveryPolicyTests.test_identity_criteria_and_terminal_unknown_fail_closed) ... ok
test_in_place_authority_drift_after_cas_cannot_return_actions (test_recovery_policy.RecoveryPolicyTests.test_in_place_authority_drift_after_cas_cannot_return_actions) ... ok
test_inconsistent_reservation_result_never_authorizes_retry (test_recovery_policy.RecoveryPolicyTests.test_inconsistent_reservation_result_never_authorizes_retry) ... ok
test_live_target_cannot_override_delegation_or_owner_drift (test_recovery_policy.RecoveryPolicyTests.test_live_target_cannot_override_delegation_or_owner_drift) ... ok
test_malformed_report_and_scope_or_reservation_failure_block (test_recovery_policy.RecoveryPolicyTests.test_malformed_report_and_scope_or_reservation_failure_block) ... ok
test_missing_changed_or_unresolved_artifacts_never_confirm (test_recovery_policy.RecoveryPolicyTests.test_missing_changed_or_unresolved_artifacts_never_confirm) ... ok
test_ordinary_stop_proof_schema_exact_binding_and_trusted_source (test_recovery_policy.RecoveryPolicyTests.test_ordinary_stop_proof_schema_exact_binding_and_trusted_source) ... ok
test_pause_cancel_revocation_metadata_and_owner_gate_actions (test_recovery_policy.RecoveryPolicyTests.test_pause_cancel_revocation_metadata_and_owner_gate_actions) ... ok
test_post_reservation_history_and_authority_drift_block_retry (test_recovery_policy.RecoveryPolicyTests.test_post_reservation_history_and_authority_drift_block_retry) ... ok
test_post_reservation_read_failure_never_replays_or_authorizes (test_recovery_policy.RecoveryPolicyTests.test_post_reservation_read_failure_never_replays_or_authorizes) ... ok
test_recovery_without_source_mutation_still_consumes_one_task_attempt (test_recovery_policy.RecoveryPolicyTests.test_recovery_without_source_mutation_still_consumes_one_task_attempt) ... ok
test_retry_reservation_is_one_shot_and_persists_across_revision_settings_commit_name (test_recovery_policy.RecoveryPolicyTests.test_retry_reservation_is_one_shot_and_persists_across_revision_settings_commit_name) ... ok
test_second_level_confirms_only_complete_criteria_bound_evidence (test_recovery_policy.RecoveryPolicyTests.test_second_level_confirms_only_complete_criteria_bound_evidence) ... ok
test_stale_cas_authority_or_settings_never_returns_retry_plan (test_recovery_policy.RecoveryPolicyTests.test_stale_cas_authority_or_settings_never_returns_retry_plan) ... ok
test_stop_and_revision_apply_wait_for_full_termination (test_recovery_policy.RecoveryPolicyTests.test_stop_and_revision_apply_wait_for_full_termination) ... ok
test_target_liveness_schema_requires_exact_owned_observation (test_recovery_policy.RecoveryPolicyTests.test_target_liveness_schema_requires_exact_owned_observation) ... ok
test_task_wide_retry_three_then_fourth_blocked_without_time_cutoff (test_recovery_policy.RecoveryPolicyTests.test_task_wide_retry_three_then_fourth_blocked_without_time_cutoff) ... ok
test_valid_cas_appends_exact_attempt_preserving_all_prior_history (test_recovery_policy.RecoveryPolicyTests.test_valid_cas_appends_exact_attempt_preserving_all_prior_history) ... ok

----------------------------------------------------------------------
Ran 26 tests in 0.028s

OK
== suite tests/policy/recovery_manager rc=0 2026-10-09T02:58:45+09:00
== node --test tests/bridge/*.test.ts start 2026-10-09T02:58:45+09:00
TAP version 13
# Subtest: to_worker has a nullable, optional analysis level of exactly summary/detailed
ok 1 - to_worker has a nullable, optional analysis level of exactly summary/detailed
  ---
  duration_ms: 19.492126
  type: 'test'
  ...
# Subtest: the analysis level reaches the backend unchanged (detailed, summary and null)
ok 2 - the analysis level reaches the backend unchanged (detailed, summary and null)
  ---
  duration_ms: 28.721149
  type: 'test'
  ...
# Subtest: the tool texts state the executor boundary and never offer an analyst
ok 3 - the tool texts state the executor boundary and never offer an analyst
  ---
  duration_ms: 13.598285
  type: 'test'
  ...
# Subtest: to_worker.commands is an optional nullable list bounded like the backend
ok 4 - to_worker.commands is an optional nullable list bounded like the backend
  ---
  duration_ms: 38.206803
  type: 'test'
  ...
# Subtest: commands reach the backend exactly as written (multi-line, unicode, quotes, spacing, null)
ok 5 - commands reach the backend exactly as written (multi-line, unicode, quotes, spacing, null)
  ---
  duration_ms: 26.666883
  type: 'test'
  ...
# Subtest: the worker's terminal text names the Task refusal and the script file, not command_too_long
ok 6 - the worker's terminal text names the Task refusal and the script file, not command_too_long
  ---
  duration_ms: 20.431367
  type: 'test'
  ...
# Subtest: C-D71 (4): model outcome classes
ok 7 - C-D71 (4): model outcome classes
  ---
  duration_ms: 2.357058
  type: 'test'
  ...
# Subtest: C-D71 (1): stop_survivor for the manager only, strict arguments
ok 8 - C-D71 (1): stop_survivor for the manager only, strict arguments
  ---
  duration_ms: 1.246086
  type: 'test'
  ...
# Subtest: to_worker and to_manager accept a message of exactly 8192 characters and no more
ok 9 - to_worker and to_manager accept a message of exactly 8192 characters and no more
  ---
  duration_ms: 33.972165
  type: 'test'
  ...
# Subtest: a long procedure in to_worker reaches the backend whole
ok 10 - a long procedure in to_worker reaches the backend whole
  ---
  duration_ms: 26.258607
  type: 'test'
  ...
# Subtest: C-D70 (3)/(5): restart_worker and workbench_status exist for the manager only
ok 11 - C-D70 (3)/(5): restart_worker and workbench_status exist for the manager only
  ---
  duration_ms: 33.030119
  type: 'test'
  ...
# Subtest: C-D70 (3): restart_worker goes to the backend as a manager tool_request with the reason and returns its result
ok 12 - C-D70 (3): restart_worker goes to the backend as a manager tool_request with the reason and returns its result
  ---
  duration_ms: 15.775462
  type: 'test'
  ...
# Subtest: C-D70 (2): each role takes only its own Workbench notice types; a manager notice is injected once
ok 13 - C-D70 (2): each role takes only its own Workbench notice types; a manager notice is injected once
  ---
  duration_ms: 111.897709
  type: 'test'
  ...
# Subtest: C-D70 (2): a manager notice never disturbs the user's composer or a busy manager; it is deferred, not lost
ok 14 - C-D70 (2): a manager notice never disturbs the user's composer or a busy manager; it is deferred, not lost
  ---
  duration_ms: 26.390976
  type: 'test'
  ...
# Subtest: C-D68 (1)/(3): terminal exists only for the worker; the manager keeps to_worker with the manager rule
ok 15 - C-D68 (1)/(3): terminal exists only for the worker; the manager keeps to_worker with the manager rule
  ---
  duration_ms: 33.326547
  type: 'test'
  ...
# Subtest: C-D68 (9): the wait is fixed at 120 s; no timeout_seconds in the schema or description
ok 16 - C-D68 (9): the wait is fixed at 120 s; no timeout_seconds in the schema or description
  ---
  duration_ms: 9.156869
  type: 'test'
  ...
# Subtest: C-D68 (10): a command-less terminal call is answered at once, so the bridge waits only briefly for it
ok 17 - C-D68 (10): a command-less terminal call is answered at once, so the bridge waits only briefly for it
  ---
  duration_ms: 16.024989
  type: 'test'
  ...
# Subtest: C-D68 (8): a terminal call answered by the backend is not abandoned; an abort after the answer sends nothing
ok 18 - C-D68 (8): a terminal call answered by the backend is not abandoned; an abort after the answer sends nothing
  ---
  duration_ms: 63.873545
  type: 'test'
  ...
# Subtest: C-D68 (8): two aborted terminal calls each name their own call in the abandon signal
ok 19 - C-D68 (8): two aborted terminal calls each name their own call in the abandon signal
  ---
  duration_ms: 29.972358
  type: 'test'
  ...
# Subtest: C-D68 (8): a notice held while paused is accepted after the resume, once; a busy worker defers it
ok 20 - C-D68 (8): a notice held while paused is accepted after the resume, once; a busy worker defers it
  ---
  duration_ms: 48.211967
  type: 'test'
  ...
# Subtest: stop_survivor is a manager-only tool with survivor_id and reason
ok 21 - stop_survivor is a manager-only tool with survivor_id and reason
  ---
  duration_ms: 2.829763
  type: 'test'
  ...
# Subtest: the manager takes the backend_restarted notice
ok 22 - the manager takes the backend_restarted notice
  ---
  duration_ms: 0.268956
  type: 'test'
  ...
# Subtest: model outcome classes carry no text
ok 23 - model outcome classes carry no text
  ---
  duration_ms: 0.379473
  type: 'test'
  ...
# Subtest: manager registers only to_worker and worker only to_manager, both essential with JSON-schema parameters
ok 24 - manager registers only to_worker and worker only to_manager, both essential with JSON-schema parameters
  ---
  duration_ms: 31.600687
  type: 'test'
  ...
# Subtest: execute sends one tool_request frame and returns the matching tool_result immediately
ok 25 - execute sends one tool_request frame and returns the matching tool_result immediately
  ---
  duration_ms: 44.372963
  type: 'test'
  ...
# Subtest: OMP's injected intent field is not forwarded as a tool argument
ok 26 - OMP's injected intent field is not forwarded as a tool argument
  ---
  duration_ms: 14.619984
  type: 'test'
  ...
# Subtest: timeout returns outcome_unknown after 10 s and never resends
ok 27 - timeout returns outcome_unknown after 10 s and never resends
  ---
  duration_ms: 10113.54064
  type: 'test'
  ...
# Subtest: disconnect while waiting returns outcome_unknown and the request is not resent after reconnect
ok 28 - disconnect while waiting returns outcome_unknown and the request is not resent after reconnect
  ---
  duration_ms: 221.349753
  type: 'test'
  ...
# Subtest: abort while waiting returns outcome_unknown; not connected returns not_sent without a frame
ok 29 - abort while waiting returns outcome_unknown; not connected returns not_sent without a frame
  ---
  duration_ms: 62.330057
  type: 'test'
  ...
# Subtest: to_manager during a staged worker delivery is rejected without a frame and the stage reply stays rejected
ok 30 - to_manager during a staged worker delivery is rejected without a frame and the stage reply stays rejected
  ---
  duration_ms: 48.974392
  type: 'test'
  ...
# Subtest: both tools are strict-mode compatible: strict flag, closed objects, every optional field nullable
ok 31 - both tools are strict-mode compatible: strict flag, closed objects, every optional field nullable
  ---
  duration_ms: 23.027912
  type: 'test'
  ...
# Subtest: strict-mode placeholders (nulls, blanks, false flags) pass the registered schema and reach the backend unchanged
ok 32 - strict-mode placeholders (nulls, blanks, false flags) pass the registered schema and reach the backend unchanged
  ---
  duration_ms: 20.245826
  type: 'test'
  ...
# Subtest: to_worker has a nullable commands list of exact command strings
ok 33 - to_worker has a nullable commands list of exact command strings
  ---
  duration_ms: 7.476797
  type: 'test'
  ...
# Subtest: worker registers terminal: strict, essential, one nullable command (no wait input); manager has none
ok 34 - worker registers terminal: strict, essential, one nullable command (no wait input); manager has none
  ---
  duration_ms: 13.549632
  type: 'test'
  ...
# Subtest: terminal waits a fixed 120 s plus a start slack (C-D68 (9))
ok 35 - terminal waits a fixed 120 s plus a start slack (C-D68 (9))
  ---
  duration_ms: 0.468362
  type: 'test'
  ...
# Subtest: terminal sends one tool_request and outlives the 10 s handoff timeout
ok 36 - terminal sends one tool_request and outlives the 10 s handoff timeout
  ---
  duration_ms: 10423.533339
  type: 'test'
  ...
# Subtest: aborting a terminal call stops only the wait: the result says the command keeps running
ok 37 - aborting a terminal call stops only the wait: the result says the command keeps running
  ---
  duration_ms: 48.541585
  type: 'test'
  ...
# Subtest: worker takes a Workbench notice only when idle and unpaused, once per notice_id
ok 38 - worker takes a Workbench notice only when idle and unpaused, once per notice_id
  ---
  duration_ms: 62.92022
  type: 'test'
  ...
# Subtest: a subagent session never connects to the bridge and its bridge tools refuse
ok 39 - a subagent session never connects to the bridge and its bridge tools refuse
  ---
  duration_ms: 145.974729
  type: 'test'
  ...
# Subtest: manager recovery tools: schemas, one tool_request each, worker and subagents never get them
ok 40 - manager recovery tools: schemas, one tool_request each, worker and subagents never get them
  ---
  duration_ms: 108.143243
  type: 'test'
  ...
# Subtest: Workbench notice types are per role: manager recovery notices, worker status_check
ok 41 - Workbench notice types are per role: manager recovery notices, worker status_check
  ---
  duration_ms: 100.861468
  type: 'test'
  ...
# Subtest: fixtures are the captured OMP 18.4.5 shapes and contain no credentials
ok 42 - fixtures are the captured OMP 18.4.5 shapes and contain no credentials
  ---
  duration_ms: 1.42955
  type: 'test'
  ...
# Subtest: a worker execute delivery is processed with its response in every captured payload shape
ok 43 - a worker execute delivery is processed with its response in every captured payload shape
  ---
  duration_ms: 56.452134
  type: 'test'
  ...
# Subtest: a manager report delivery is processed in every captured payload shape
ok 44 - a manager report delivery is processed in every captured payload shape
  ---
  duration_ms: 55.964988
  type: 'test'
  ...
# Subtest: Responses identity stays exact: history, other attempts, other roles and item kinds never match
ok 45 - Responses identity stays exact: history, other attempts, other roles and item kinds never match
  ---
  duration_ms: 189.541311
  type: 'test'
  ...
# Subtest: without the response hook only a clean assistant message for the matched request is response evidence
ok 46 - without the response hook only a clean assistant message for the matched request is response evidence
  ---
  duration_ms: 82.962669
  type: 'test'
  ...
# Subtest: worker response: thinking items are ignored, the marker text alone is judged (C-D67, F2 reasons)
ok 47 - worker response: thinking items are ignored, the marker text alone is judged (C-D67, F2 reasons)
  ---
  duration_ms: 257.899057
  type: 'test'
  ...
# Subtest: worker response: identity mismatch, a second message and provider errors keep their own reason
ok 48 - worker response: identity mismatch, a second message and provider errors keep their own reason
  ---
  duration_ms: 70.035248
  type: 'test'
  ...
1..48
# tests 48
# suites 0
# pass 48
# fail 0
# cancelled 0
# skipped 0
# todo 0
# duration_ms 21915.459467
== node bridge rc=0
== tests/gates/harness/run-contracts.sh start 2026-10-09T02:59:07+09:00
test_comma_key_cannot_replace_two_required_shell_fields (test_ports_v2.PortTests.test_comma_key_cannot_replace_two_required_shell_fields) ... ok
test_cross_language_roundtrip_and_v1_adapter (test_ports_v2.PortTests.test_cross_language_roundtrip_and_v1_adapter) ... ok
test_old_versions_extra_fields_and_unknown_evidence_rejected_or_held (test_ports_v2.PortTests.test_old_versions_extra_fields_and_unknown_evidence_rejected_or_held) ... ok
test_all_required_fields_versions_and_malformed_states_reject_in_both_languages (test_ports_v2_independent.IndependentPortContractTests.test_all_required_fields_versions_and_malformed_states_reject_in_both_languages) ... ok
test_json_safe_integer_boundary_has_identical_rejection_semantics (test_ports_v2_independent.IndependentPortContractTests.test_json_safe_integer_boundary_has_identical_rejection_semantics) ... ok
test_v1_adapter_preserves_envelope_and_rejects_incomplete_or_new_versions (test_ports_v2_independent.IndependentPortContractTests.test_v1_adapter_preserves_envelope_and_rejects_incomplete_or_new_versions) ... ok
test_display_chunk_roundtrip_uses_raw_payload (test_ui_v1.DisplayTests.test_display_chunk_roundtrip_uses_raw_payload) ... ok
test_bad_magic_header_bounds_and_json_are_protocol_errors (test_ui_v1.FramingTests.test_bad_magic_header_bounds_and_json_are_protocol_errors) ... ok
test_encoder_rejects_unbounded_or_non_json_headers (test_ui_v1.FramingTests.test_encoder_rejects_unbounded_or_non_json_headers) ... ok
test_oversized_payload_is_consumed_not_retained_and_stream_resyncs (test_ui_v1.FramingTests.test_oversized_payload_is_consumed_not_retained_and_stream_resyncs) ... ok
test_paste_limit_boundary_is_buffered_up_to_the_buffer_bound (test_ui_v1.FramingTests.test_paste_limit_boundary_is_buffered_up_to_the_buffer_bound) ... ok
test_roundtrip_is_byte_exact_and_incremental (test_ui_v1.FramingTests.test_roundtrip_is_byte_exact_and_incremental) ... ok
test_approval_decide_is_removed_and_pause_resume_shapes_stay (test_ui_v1.NegotiationAndValidationTests.test_approval_decide_is_removed_and_pause_resume_shapes_stay) ... ok
test_automation_refusal_reasons_are_contract_values_and_approval_reasons_are_gone (test_ui_v1.NegotiationAndValidationTests.test_automation_refusal_reasons_are_contract_values_and_approval_reasons_are_gone) ... ok
test_automation_state_values_are_contract_values (test_ui_v1.NegotiationAndValidationTests.test_automation_state_values_are_contract_values) ... ok
test_every_client_type_has_a_documented_request_shape (test_ui_v1.NegotiationAndValidationTests.test_every_client_type_has_a_documented_request_shape) ... ok
test_field_validation (test_ui_v1.NegotiationAndValidationTests.test_field_validation) ... ok
test_hello_first_and_once (test_ui_v1.NegotiationAndValidationTests.test_hello_first_and_once) ... ok
test_kill_pane_names_one_pane_and_carries_no_payload (test_ui_v1.NegotiationAndValidationTests.test_kill_pane_names_one_pane_and_carries_no_payload) ... ok
test_kill_refusal_reasons_are_contract_values (test_ui_v1.NegotiationAndValidationTests.test_kill_refusal_reasons_are_contract_values) ... ok
test_negotiated_version_is_required_on_every_frame (test_ui_v1.NegotiationAndValidationTests.test_negotiated_version_is_required_on_every_frame) ... ok
test_restart_pane_host_shell_parses (test_ui_v1.NegotiationAndValidationTests.test_restart_pane_host_shell_parses) ... ok
test_restart_pane_names_one_pane_and_carries_no_payload (test_ui_v1.NegotiationAndValidationTests.test_restart_pane_names_one_pane_and_carries_no_payload) ... ok
test_restart_refusal_reasons_are_contract_values (test_ui_v1.NegotiationAndValidationTests.test_restart_refusal_reasons_are_contract_values) ... ok
test_results_and_rejects_carry_reasons (test_ui_v1.NegotiationAndValidationTests.test_results_and_rejects_carry_reasons) ... ok
test_task_and_worker_state_values_are_contract_values (test_ui_v1.NegotiationAndValidationTests.test_task_and_worker_state_values_are_contract_values) ... ok
test_version_negotiation (test_ui_v1.NegotiationAndValidationTests.test_version_negotiation) ... ok
test_buffered_bound_is_retained_and_one_more_is_discarded_with_size (test_ui_v1_independent.IndependentFramingTests.test_buffered_bound_is_retained_and_one_more_is_discarded_with_size) ... ok
test_byte_by_byte_feed_yields_identical_frames (test_ui_v1_independent.IndependentFramingTests.test_byte_by_byte_feed_yields_identical_frames) ... ok
test_discard_bound_is_inclusive_and_one_more_fails_before_any_payload (test_ui_v1_independent.IndependentFramingTests.test_discard_bound_is_inclusive_and_one_more_fails_before_any_payload) ... ok
test_failed_decoder_stays_failed (test_ui_v1_independent.IndependentFramingTests.test_failed_decoder_stays_failed) ... ok
test_header_bound_is_inclusive_and_one_more_is_a_protocol_error (test_ui_v1_independent.IndependentFramingTests.test_header_bound_is_inclusive_and_one_more_is_a_protocol_error) ... ok
test_attach_size_shape_and_bounds (test_ui_v1_independent.IndependentSessionContractTests.test_attach_size_shape_and_bounds) ... ok
test_display_frames_carry_raw_bytes_and_identity (test_ui_v1_independent.IndependentSessionContractTests.test_display_frames_carry_raw_bytes_and_identity) ... ok
test_every_post_welcome_frame_needs_exact_integer_version (test_ui_v1_independent.IndependentSessionContractTests.test_every_post_welcome_frame_needs_exact_integer_version) ... ok
test_negotiation_rejects_malformed_version_lists (test_ui_v1_independent.IndependentSessionContractTests.test_negotiation_rejects_malformed_version_lists) ... ok
test_payload_only_on_input_and_paste_and_discarded_frames_keep_their_size (test_ui_v1_independent.IndependentSessionContractTests.test_payload_only_on_input_and_paste_and_discarded_frames_keep_their_size) ... ok
test_reject_and_result_are_self_describing (test_ui_v1_independent.IndependentSessionContractTests.test_reject_and_result_are_self_describing) ... ok
test_all_command_states_remain_distinct (test_v1.ContractV1Tests.test_all_command_states_remain_distinct) ... ok
test_command_exit_code_fits_shared_safe_integer_range (test_v1.ContractV1Tests.test_command_exit_code_fits_shared_safe_integer_range) ... ok
test_display_bytes_are_a_distinct_raw_byte_type (test_v1.ContractV1Tests.test_display_bytes_are_a_distinct_raw_byte_type) ... ok
test_display_counters_fit_shared_safe_integer_range (test_v1.ContractV1Tests.test_display_counters_fit_shared_safe_integer_range) ... ok
test_exit_code_is_only_valid_after_completion (test_v1.ContractV1Tests.test_exit_code_is_only_valid_after_completion) ... ok
test_golden_envelope_round_trips_and_checks_session_generation (test_v1.ContractV1Tests.test_golden_envelope_round_trips_and_checks_session_generation) ... ok
test_message_id_is_logical_and_attempt_ids_are_per_delivery (test_v1.ContractV1Tests.test_message_id_is_logical_and_attempt_ids_are_per_delivery) ... ok
test_message_payload_and_reply_reference_round_trip (test_v1.ContractV1Tests.test_message_payload_and_reply_reference_round_trip) ... ok
test_nested_payload_numbers_preserve_shared_numeric_boundary (test_v1.ContractV1Tests.test_nested_payload_numbers_preserve_shared_numeric_boundary) ... ok
test_rejects_explicit_null_for_optional_wire_fields (test_v1.ContractV1Tests.test_rejects_explicit_null_for_optional_wire_fields) ... ok
test_rejects_invalid_identifiers_unknown_fields_and_invalid_state_data (test_v1.ContractV1Tests.test_rejects_invalid_identifiers_unknown_fields_and_invalid_state_data) ... ok
test_rejects_non_json_values_nested_inside_a_message_payload (test_v1.ContractV1Tests.test_rejects_non_json_values_nested_inside_a_message_payload) ... ok
test_rejects_unsupported_version_role_and_session_generation (test_v1.ContractV1Tests.test_rejects_unsupported_version_role_and_session_generation) ... ok
test_session_generation_must_fit_shared_js_safe_integer_range (test_v1.ContractV1Tests.test_session_generation_must_fit_shared_js_safe_integer_range) ... ok

----------------------------------------------------------------------
Ran 52 tests in 0.260s

OK
TAP version 13
# Subtest: Python golden control envelope parses and matches the bound session generation
ok 1 - Python golden control envelope parses and matches the bound session generation
  ---
  duration_ms: 5.538354
  type: 'test'
  ...
# Subtest: logical message ID is stable while each delivery has its own attempt ID
ok 2 - logical message ID is stable while each delivery has its own attempt ID
  ---
  duration_ms: 0.933707
  type: 'test'
  ...
# Subtest: rejects unsupported versions, roles, identifiers, unknown fields, and sessions
ok 3 - rejects unsupported versions, roles, identifiers, unknown fields, and sessions
  ---
  duration_ms: 0.777554
  type: 'test'
  ...
# Subtest: keeps accepted, started, completed, and unknown as distinct states
ok 4 - keeps accepted, started, completed, and unknown as distinct states
  ---
  duration_ms: 0.694518
  type: 'test'
  ...
# Subtest: keeps PTY display data as raw bytes outside the control envelope
ok 5 - keeps PTY display data as raw bytes outside the control envelope
  ---
  duration_ms: 0.30248
  type: 'test'
  ...
# Subtest: rejects non-JSON values nested inside a message payload
ok 6 - rejects non-JSON values nested inside a message payload
  ---
  duration_ms: 0.656916
  type: 'test'
  ...
# Subtest: rejects explicit null for optional wire fields
ok 7 - rejects explicit null for optional wire fields
  ---
  duration_ms: 1.445903
  type: 'test'
  ...
# Subtest: session generation fits the shared JS safe integer range
ok 8 - session generation fits the shared JS safe integer range
  ---
  duration_ms: 0.525712
  type: 'test'
  ...
# Subtest: command exit code fits the shared safe integer range
ok 9 - command exit code fits the shared safe integer range
  ---
  duration_ms: 0.84893
  type: 'test'
  ...
# Subtest: nested payload numbers preserve the shared numeric boundary
ok 10 - nested payload numbers preserve the shared numeric boundary
  ---
  duration_ms: 0.915373
  type: 'test'
  ...
# Subtest: PTY display counters fit the shared safe integer range
ok 11 - PTY display counters fit the shared safe integer range
  ---
  duration_ms: 0.249494
  type: 'test'
  ...
# Subtest: control writer preserves validated payload and cannot emit a hidden unsafe number
ok 12 - control writer preserves validated payload and cannot emit a hidden unsafe number
  ---
  duration_ms: 0.838296
  type: 'test'
  ...
# Subtest: shared five-port fixtures and v1 envelope compatibility
ok 13 - shared five-port fixtures and v1 envelope compatibility
  ---
  duration_ms: 2.051896
  type: 'test'
  ...
# Subtest: unsupported old ports, lost ownership and unknown reconciliation cannot pass
ok 14 - unsupported old ports, lost ownership and unknown reconciliation cannot pass
  ---
  duration_ms: 0.437831
  type: 'test'
  ...
# Subtest: comma-containing unknown key cannot replace two required ShellControl keys
ok 15 - comma-containing unknown key cannot replace two required ShellControl keys
  ---
  duration_ms: 0.261668
  type: 'test'
  ...
1..15
# tests 15
# suites 0
# pass 15
# fail 0
# cancelled 0
# skipped 0
# todo 0
# duration_ms 99.713752
== run-contracts rc=0
== combined rc=0
